tract_id,date,lat,lon,generation,event_id
6075000008,2024-01-01,37.78214096532366,-122.41935206200576,0,OD000000
6075000005,2024-01-01,37.77306064094415,-122.41296179214676,0,OD000001
6075000024,2024-01-01,37.763169578877125,-122.41217227994932,0,OD000002
6075000012,2024-01-01,37.778345736580604,-122.40674668346405,0,OD000003
6075000005,2024-01-01,37.77424472749504,-122.41673336905208,1,OD000004
6075000003,2024-01-01,37.78838184047296,-122.4097047125836,1,OD000005
6075000002,2024-01-01,37.77437895715202,-122.42264959138966,1,OD000006
6075000022,2024-01-01,37.75283321385041,-122.4172930440469,1,OD000007
6075000020,2024-01-01,37.768814968771835,-122.41309149487675,1,OD000008
6075000046,2024-01-02,37.78073836127066,-122.42294185048385,0,OD000009
6075000015,2024-01-02,37.786624177115485,-122.39255955614628,0,OD000010
6075000003,2024-01-02,37.78770605644252,-122.4036943451514,2,OD000011
6075000012,2024-01-03,37.77733412787392,-122.40462490517959,0,OD000012
6075000010,2024-01-03,37.771992809682395,-122.40920991573364,1,OD000013
6075000023,2024-01-04,37.75432691701054,-122.40683476190998,0,OD000014
6075000002,2024-01-04,37.7750336399369,-122.42450743508039,2,OD000015
6075000009,2024-01-05,37.78144920990386,-122.40916448138512,0,OD000016
6075000009,2024-01-05,37.78121651323119,-122.4062298646842,0,OD000017
6075000012,2024-01-05,37.778972572143715,-122.40222184104506,0,OD000018
6075000005,2024-01-05,37.77293775768871,-122.4133007654917,1,OD000019
6075000029,2024-01-06,37.72883751699645,-122.3995518081904,0,OD000020
6075000024,2024-01-06,37.76186193808353,-122.41299084993733,0,OD000021
6075000012,2024-01-06,37.777880727126146,-122.40531233204477,2,OD000022
6075000005,2024-01-07,37.77316724588555,-122.41338237783197,0,OD000023
6075000014,2024-01-07,37.77576350183178,-122.40604877631384,0,OD000024
6075000004,2024-01-07,37.788590313013216,-122.40550974047942,0,OD000025
6075000019,2024-01-07,37.76113499957766,-122.4188841735217,2,OD000026
6075000008,2024-01-07,37.78019178062646,-122.41875476071311,1,OD000027
6075000042,2024-01-07,37.790220806788646,-122.40219356265439,3,OD000028
6075000016,2024-01-07,37.77737324739177,-122.41235040370401,2,OD000029
6075000013,2024-01-07,37.77593790295742,-122.40170778611468,1,OD000030
6075000008,2024-01-08,37.7794718363492,-122.41998371015275,0,OD000031
6075000012,2024-01-08,37.77742104978707,-122.40024455525098,0,OD000032
6075000011,2024-01-08,37.78500150326447,-122.40255716857845,0,OD000033
6075000005,2024-01-08,37.77104404173898,-122.41792780795718,3,OD000034
6075000038,2024-01-08,37.77139013628799,-122.39760380918625,2,OD000035
6075000010,2024-01-09,37.77420292468057,-122.40979776599528,0,OD000036
6075000012,2024-01-09,37.77863089077788,-122.40518744650606,2,OD000037
6075000014,2024-01-09,37.774308832817354,-122.40185667410258,3,OD000038
6075000019,2024-01-09,37.76760513818895,-122.42501628971367,4,OD000039
6075000010,2024-01-10,37.77218170737092,-122.40678907895261,0,OD000040
6075000020,2024-01-10,37.76607725088164,-122.41095141914847,0,OD000041
6075000014,2024-01-10,37.77321647065926,-122.40509324502852,0,OD000042
6075000011,2024-01-10,37.78386641988168,-122.40220100764806,0,OD000043
6075000042,2024-01-10,37.79187909777294,-122.39834506767123,3,OD000044
6075000014,2024-01-10,37.77292113039557,-122.39824442983013,4,OD000045
6075000043,2024-01-10,37.779150861330045,-122.39791694267538,4,OD000046
6075000006,2024-01-11,37.77576427541017,-122.40878500700398,0,OD000047
6075000007,2024-01-11,37.78580586240876,-122.40912195338514,1,OD000048
6075000043,2024-01-11,37.77788890445531,-122.3862981187371,4,OD000049
6075000040,2024-01-12,37.735248191602636,-122.4192987174736,0,OD000050
6075000009,2024-01-12,37.78134563811835,-122.40812476154777,0,OD000051
6075000011,2024-01-12,37.78271355342848,-122.40326345820134,0,OD000052
6075000022,2024-01-12,37.756361435432716,-122.41269101360457,0,OD000053
6075000004,2024-01-12,37.788677344492825,-122.41171598033816,0,OD000054
6075000001,2024-01-12,37.78640391501184,-122.4124258993774,2,OD000055
6075000014,2024-01-12,37.77377979433137,-122.40067764708506,1,OD000056
6075000002,2024-01-12,37.77774003834981,-122.41433325868974,3,OD000057
6075000002,2024-01-13,37.77751569343771,-122.42028628137466,0,OD000058
6075000005,2024-01-13,37.77389524502688,-122.41301738814725,0,OD000059
6075000011,2024-01-13,37.78432473491549,-122.4010568862242,0,OD000060
6075000010,2024-01-13,37.772973601946454,-122.40780243341926,5,OD000061
6075000009,2024-01-13,37.78074559333325,-122.40556198247812,1,OD000062
6075000004,2024-01-13,37.7920221191156,-122.41291905459809,4,OD000063
6075000013,2024-01-13,37.77610450205626,-122.40091386541378,5,OD000064
6075000009,2024-01-14,37.78154748272865,-122.4059294078528,0,OD000065
6075000012,2024-01-14,37.77944155825624,-122.40299587070947,0,OD000066
6075000002,2024-01-14,37.774409435002056,-122.42098648089105,0,OD000067
6075000004,2024-01-14,37.79118394076307,-122.40729269001021,1,OD000068
6075000001,2024-01-14,37.787729453612414,-122.41631697610077,2,OD000069
6075000014,2024-01-15,37.77099293693231,-122.3992271660296,0,OD000070
6075000025,2024-01-15,37.74261960449866,-122.39141030134105,0,OD000071
6075000002,2024-01-15,37.77728145538363,-122.42147921660771,0,OD000072
6075000008,2024-01-15,37.78059077201769,-122.41853112665642,4,OD000073
6075000043,2024-01-15,37.77697876789749,-122.39739795188152,1,OD000074
6075000044,2024-01-15,37.7978741876573,-122.4249321392421,3,OD000075
6075000002,2024-01-15,37.77936599753773,-122.41734310083613,1,OD000076
6075000006,2024-01-16,37.77408887423055,-122.40695877325024,0,OD000077
6075000045,2024-01-16,37.759664527989706,-122.43523811320428,0,OD000078
6075000004,2024-01-16,37.78741302032605,-122.40978271843755,0,OD000079
6075000015,2024-01-16,37.78647325025503,-122.39400559315247,0,OD000080
6075000024,2024-01-16,37.764592818946724,-122.4082607257184,1,OD000081
6075000031,2024-01-17,37.73270053449518,-122.38893427176501,0,OD000082
6075000035,2024-01-17,37.76304821962218,-122.43206990384046,0,OD000083
6075000001,2024-01-17,37.78277646836883,-122.41573511355472,0,OD000084
6075000011,2024-01-17,37.78079666282972,-122.40204317047126,0,OD000085
6075000014,2024-01-17,37.773997081150796,-122.40342778655103,6,OD000086
6075000010,2024-01-17,37.77197462600076,-122.40534756139589,2,OD000087
6075000020,2024-01-17,37.768392592777985,-122.41323695814,1,OD000088
6075000005,2024-01-18,37.77424656447383,-122.4128124904059,0,OD000089
6075000021,2024-01-18,37.75714242724895,-122.41515785517863,0,OD000090
6075000006,2024-01-18,37.77540081658075,-122.40625797205487,0,OD000091
6075000042,2024-01-18,37.78882786403528,-122.40147449451294,3,OD000092
6075000014,2024-01-18,37.77164622871259,-122.39834194670502,2,OD000093
6075000043,2024-01-18,37.77595328137246,-122.39737562076067,2,OD000094
6075000046,2024-01-19,37.77881039093421,-122.42110553680125,0,OD000095
6075000046,2024-01-19,37.77978334616186,-122.42200348829785,0,OD000096
6075000015,2024-01-19,37.78886714839787,-122.39246496420316,0,OD000097
6075000013,2024-01-19,37.77615732261369,-122.4010110390767,1,OD000098
6075000041,2024-01-19,37.74717094474146,-122.40498895569905,1,OD000099
6075000011,2024-01-20,37.783150086646515,-122.40156747863229,0,OD000100
6075000043,2024-01-20,37.777843314898696,-122.39782774352817,2,OD000101
6075000015,2024-01-20,37.78483722793135,-122.38597670492582,1,OD000102
6075000015,2024-01-22,37.78507604941841,-122.39230271794214,0,OD000103
6075000025,2024-01-22,37.738980636051956,-122.39040115679994,0,OD000104
6075000007,2024-01-22,37.785023729900004,-122.4085095837084,1,OD000105
6075000025,2024-01-22,37.74816462137459,-122.38709204005882,1,OD000106
6075000017,2024-01-22,37.76139383908727,-122.40636358651237,2,OD000107
6075000006,2024-01-23,37.776509886768984,-122.40599207753299,0,OD000108
6075000030,2024-01-23,37.7361368445453,-122.39235792132709,0,OD000109
6075000026,2024-01-23,37.73376471359257,-122.38203923012988,1,OD000110
6075000013,2024-01-23,37.77670630266535,-122.40157877688587,1,OD000111
6075000022,2024-01-23,37.74833023106107,-122.41401801661269,2,OD000112
6075000029,2024-01-24,37.728597029529645,-122.39859025204079,1,OD000113
6075000011,2024-01-25,37.78267784285734,-122.40096495392191,0,OD000114
6075000009,2024-01-25,37.779419152338264,-122.40816322515188,1,OD000115
6075000028,2024-01-25,37.75594737289923,-122.38358496034608,2,OD000116
6075000014,2024-01-25,37.77323468015464,-122.40304242020228,3,OD000117
6075000013,2024-01-26,37.77454849117868,-122.4028941918687,0,OD000118
6075000008,2024-01-26,37.78349461606246,-122.4192324494363,0,OD000119
6075000012,2024-01-26,37.77724888433714,-122.40143900884016,0,OD000120
6075000044,2024-01-26,37.79291178706943,-122.42860605803126,1,OD000121
6075000004,2024-01-27,37.78743383881772,-122.40885926337202,0,OD000122
6075000035,2024-01-27,37.76338382297565,-122.43220231739896,0,OD000123
6075000006,2024-01-27,37.775819520194034,-122.40944965485149,0,OD000124
6075000012,2024-01-27,37.77639901922767,-122.40376215293601,0,OD000125
6075000023,2024-01-27,37.754347794133906,-122.40795276306095,0,OD000126
6075000016,2024-01-27,37.778374505904175,-122.41052184246007,1,OD000127
6075000024,2024-01-27,37.76480217592519,-122.40733273096717,1,OD000128
6075000005,2024-01-27,37.771374136750936,-122.41256393708126,2,OD000129
6075000038,2024-01-27,37.764086632416536,-122.40101237761135,2,OD000130
6075000016,2024-01-27,37.77867183714438,-122.40960148159759,1,OD000131
6075000016,2024-01-27,37.7761872098824,-122.40899622650882,2,OD000132
6075000019,2024-01-27,37.76841999146709,-122.4220029074622,3,OD000133
6075000044,2024-01-27,37.794613316443844,-122.42838666948064,2,OD000134
6075000020,2024-01-27,37.767938407852384,-122.41682182808718,4,OD000135
6075000011,2024-01-28,37.78139501803485,-122.4005261912384,0,OD000136
6075000004,2024-01-28,37.789264398544795,-122.41025176523178,0,OD000137
6075000008,2024-01-28,37.78267418432092,-122.41999719838894,0,OD000138
6075000002,2024-01-28,37.77906079269369,-122.41658523057554,1,OD000139
6075000002,2024-01-28,37.77833521051357,-122.4147123123349,2,OD000140
6075000045,2024-01-29,37.75732674479787,-122.44216618920913,1,OD000141
6075000038,2024-01-29,37.76550870954417,-122.40549849136059,2,OD000142
6075000028,2024-01-29,37.74615625230684,-122.3811030112156,2,OD000143
6075000004,2024-01-30,37.79118643004736,-122.40948084040022,0,OD000144
6075000010,2024-01-30,37.77090395201082,-122.40585077063548,3,OD000145
6075000002,2024-01-30,37.77348538144837,-122.42550911742065,1,OD000146
6075000028,2024-01-30,37.73735095844805,-122.38500173556804,2,OD000147
6075000019,2024-01-30,37.7659388054427,-122.41948445067361,4,OD000148
6075000047,2024-01-31,37.79645093586519,-122.47900204544408,0,OD000149
6075000005,2024-01-31,37.76894072299172,-122.41363061168775,0,OD000150
6075000020,2024-01-31,37.76564230398812,-122.41633765964332,5,OD000151
6075000004,2024-01-31,37.79544589257958,-122.4146079343754,1,OD000152
6075000040,2024-02-01,37.73395929059509,-122.41713453959389,0,OD000153
6075000013,2024-02-01,37.778956733503286,-122.40272520868294,0,OD000154
6075000009,2024-02-01,37.78266691694119,-122.41039653602355,0,OD000155
6075000003,2024-02-01,37.78711534145253,-122.40980451689782,0,OD000156
6075000040,2024-02-01,37.72213707817602,-122.4221701600903,1,OD000157
6075000007,2024-02-01,37.78558113663414,-122.40985853025406,1,OD000158
6075000011,2024-02-01,37.784343360206265,-122.40420170852983,1,OD000159
6075000038,2024-02-02,37.76818025266273,-122.40004967536323,0,OD000160
6075000004,2024-02-02,37.789202669380316,-122.40673782387296,0,OD000161
6075000002,2024-02-02,37.77743286680402,-122.41832892843411,0,OD000162
6075000043,2024-02-02,37.773369946676645,-122.39004739212005,1,OD000163
6075000006,2024-02-03,37.776490257547295,-122.40640003988827,0,OD000164
6075000044,2024-02-03,37.798618919177784,-122.42276466542468,0,OD000165
6075000016,2024-02-03,37.777923797786684,-122.40816512540806,0,OD000166
6075000016,2024-02-03,37.77490652525992,-122.407289446694,0,OD000167
6075000027,2024-02-03,37.73398263015695,-122.40105786534959,2,OD000168
6075000005,2024-02-03,37.76988954468407,-122.41238658967131,6,OD000169
6075000011,2024-02-03,37.782805752536014,-122.40444476362417,1,OD000170
6075000036,2024-02-04,37.75901061220331,-122.4362047896409,0,OD000171
6075000016,2024-02-04,37.78085562078001,-122.40705259807473,0,OD000172
6075000016,2024-02-04,37.7782653832625,-122.40870114515384,0,OD000173
6075000007,2024-02-04,37.78186065668787,-122.40811530618528,0,OD000174
6075000003,2024-02-04,37.78712741987914,-122.40791443145697,0,OD000175
6075000007,2024-02-04,37.783961768548224,-122.40914124982073,1,OD000176
6075000016,2024-02-04,37.7781916144025,-122.41075595836323,1,OD000177
6075000037,2024-02-04,37.806145205751655,-122.47306811718342,1,OD000178
6075000046,2024-02-05,37.78598792098067,-122.42398549272102,1,OD000179
6075000012,2024-02-05,37.77977571202205,-122.40521725953423,1,OD000180
6075000015,2024-02-05,37.78755588726688,-122.39732820542335,2,OD000181
6075000024,2024-02-05,37.763822230852334,-122.41318579119502,6,OD000182
6075000002,2024-02-05,37.773094392876146,-122.42481985093676,2,OD000183
6075000045,2024-02-05,37.752243124377905,-122.45251950014958,2,OD000184
6075000004,2024-02-06,37.79076875504901,-122.40859517664815,0,OD000185
6075000028,2024-02-06,37.737257512441786,-122.38455190625058,0,OD000186
6075000048,2024-02-06,37.76354929814562,-122.46864472331455,0,OD000187
6075000005,2024-02-06,37.77191538481702,-122.41217400042262,3,OD000188
6075000012,2024-02-07,37.77556478710213,-122.40257545837322,0,OD000189
6075000003,2024-02-07,37.790147165083404,-122.40655587209291,0,OD000190
6075000047,2024-02-07,37.797577842158915,-122.47689679990708,0,OD000191
6075000013,2024-02-07,37.779613732772745,-122.4041178347186,0,OD000192
6075000012,2024-02-07,37.77946362634585,-122.4040660466812,1,OD000193
6075000006,2024-02-07,37.776382481329335,-122.40773829725049,1,OD000194
6075000036,2024-02-07,37.75835534071351,-122.42487583961832,7,OD000195
6075000016,2024-02-07,37.77896296870938,-122.40673229416797,1,OD000196
6075000022,2024-02-07,37.75431414506717,-122.41903257796056,8,OD000197
6075000047,2024-02-08,37.7968046166413,-122.47878391858517,0,OD000198
6075000032,2024-02-08,37.72977990674856,-122.38716713586554,3,OD000199
6075000009,2024-02-08,37.780642344802665,-122.41029871025954,4,OD000200
6075000022,2024-02-08,37.75476589953449,-122.41905041599627,8,OD000201
6075000044,2024-02-09,37.802296966479744,-122.4224673818528,0,OD000202
6075000044,2024-02-09,37.800914762893576,-122.42713414901624,1,OD000203
6075000042,2024-02-09,37.78995497276658,-122.40479137382506,1,OD000204
6075000042,2024-02-09,37.793407456832476,-122.40362278962216,2,OD000205
6075000022,2024-02-09,37.74611172819463,-122.41678756032512,9,OD000206
6075000008,2024-02-10,37.779520003007,-122.42087124315269,0,OD000207
6075000045,2024-02-10,37.75995666527823,-122.44804398604336,1,OD000208
6075000043,2024-02-10,37.781485616778824,-122.3941835608993,3,OD000209
6075000038,2024-02-10,37.768004851794686,-122.39971462750779,1,OD000210
6075000033,2024-02-10,37.80021563094005,-122.3971712587006,3,OD000211
6075000006,2024-02-11,37.77876226323151,-122.40843882216306,0,OD000212
6075000015,2024-02-11,37.78615125410924,-122.39131259279233,0,OD000213
6075000042,2024-02-11,37.79527654660321,-122.40777813133764,2,OD000214
6075000044,2024-02-11,37.794740846727215,-122.41992296306526,3,OD000215
6075000022,2024-02-11,37.74680157871628,-122.41223850190627,9,OD000216
6075000010,2024-02-12,37.77228502105442,-122.40812693843012,0,OD000217
6075000010,2024-02-12,37.77295935716352,-122.40585517612513,0,OD000218
6075000013,2024-02-12,37.77790166764679,-122.40612871159752,0,OD000219
6075000012,2024-02-12,37.77771040968204,-122.40493084550643,0,OD000220
6075000003,2024-02-12,37.78946908129361,-122.41039258251544,0,OD000221
6075000041,2024-02-12,37.73757730281213,-122.40797651166851,10,OD000222
6075000045,2024-02-12,37.76137436710808,-122.45204477342818,2,OD000223
6075000029,2024-02-12,37.72239068484011,-122.41285186641022,11,OD000224
6075000006,2024-02-13,37.77637967155805,-122.40410671698753,0,OD000225
6075000024,2024-02-13,37.76317211495957,-122.4130864761279,0,OD000226
6075000044,2024-02-13,37.81559317581957,-122.42167773937028,2,OD000227
6075000004,2024-02-13,37.79018148649201,-122.41149245559615,3,OD000228
6075000024,2024-02-13,37.7648859734838,-122.41167760486795,1,OD000229
6075000019,2024-02-13,37.76563223927197,-122.42498871999442,2,OD000230
6075000008,2024-02-14,37.78042756148319,-122.41822108949302,0,OD000231
6075000007,2024-02-14,37.783256815681,-122.40894792587717,0,OD000232
6075000004,2024-02-14,37.790641917508395,-122.40756563954265,0,OD000233
6075000020,2024-02-14,37.76738819459217,-122.41357929086917,0,OD000234
6075000011,2024-02-14,37.785073106437316,-122.40180380225468,0,OD000235
6075000004,2024-02-14,37.79259660076371,-122.4120349131512,4,OD000236
6075000011,2024-02-14,37.78190723286906,-122.40211071086881,4,OD000237
6075000038,2024-02-14,37.76683017015075,-122.40487100328164,5,OD000238
6075000003,2024-02-14,37.78707585358513,-122.40996308132792,2,OD000239
6075000002,2024-02-14,37.77407545037916,-122.42049599233106,3,OD000240
6075000040,2024-02-14,37.74359400487383,-122.4197211287619,11,OD000241
6075000044,2024-02-14,37.82067477504557,-122.42688843922559,3,OD000242
6075000019,2024-02-14,37.76624919999478,-122.42292142697731,4,OD000243
6075000011,2024-02-15,37.78532002671428,-122.40325133892642,0,OD000244
6075000014,2024-02-15,37.77444191704108,-122.40154684132045,0,OD000245
6075000038,2024-02-15,37.76658023385438,-122.40370358339032,0,OD000246
6075000022,2024-02-15,37.746980904351474,-122.41808566486529,10,OD000247
6075000009,2024-02-15,37.78363611924768,-122.40657583852825,1,OD000248
6075000043,2024-02-15,37.78164505096932,-122.39276141619372,5,OD000249
6075000014,2024-02-15,37.775755880672776,-122.40397336889929,1,OD000250
6075000004,2024-02-15,37.79200107309891,-122.4121377491197,1,OD000251
6075000036,2024-02-15,37.75312079902084,-122.43995625988335,11,OD000252
6075000046,2024-02-15,37.77941408230302,-122.42149662080354,1,OD000253
6075000005,2024-02-15,37.77362304231932,-122.41153046305011,1,OD000254
6075000003,2024-02-16,37.789275097186376,-122.40956804458622,0,OD000255
6075000021,2024-02-16,37.76016184400919,-122.41236473541709,2,OD000256
6075000036,2024-02-16,37.76012978945692,-122.42689725517235,3,OD000257
6075000003,2024-02-16,37.78632246868862,-122.40839517508662,1,OD000258
6075000017,2024-02-17,37.7580831276018,-122.40976144310278,0,OD000259
6075000005,2024-02-17,37.77289167180502,-122.41376726082304,0,OD000260
6075000030,2024-02-17,37.73337698219716,-122.39235245948188,0,OD000261
6075000036,2024-02-17,37.75481100200592,-122.42518296598959,12,OD000262
6075000005,2024-02-17,37.76978557004528,-122.41208451337928,1,OD000263
6075000016,2024-02-17,37.77784622618058,-122.40596768252837,2,OD000264
6075000029,2024-02-17,37.72569112541226,-122.40423992820473,11,OD000265
6075000016,2024-02-18,37.77698558209991,-122.40728400260195,0,OD000266
6075000010,2024-02-18,37.77277211059517,-122.41148962483588,0,OD000267
6075000009,2024-02-18,37.781648246638255,-122.40897943457776,0,OD000268
6075000042,2024-02-18,37.79225921653911,-122.40547276063381,5,OD000269
6075000035,2024-02-18,37.766694476962876,-122.43282280995325,3,OD000270
6075000021,2024-02-18,37.76052842979214,-122.41055109190604,1,OD000271
6075000040,2024-02-18,37.72895655292514,-122.41301498167721,12,OD000272
6075000013,2024-02-18,37.7772949140541,-122.40228409273944,1,OD000273
6075000008,2024-02-19,37.779218368117235,-122.41613598619462,0,OD000274
6075000008,2024-02-19,37.7804700219543,-122.41685450960362,0,OD000275
6075000016,2024-02-19,37.777944936354544,-122.4076942123124,0,OD000276
6075000036,2024-02-19,37.76177007079043,-122.4340178657124,0,OD000277
6075000036,2024-02-19,37.74595586491339,-122.4326060462265,12,OD000278
6075000005,2024-02-19,37.77241543382966,-122.41976507103088,2,OD000279
6075000046,2024-02-19,37.78265542173066,-122.42446338761476,1,OD000280
6075000035,2024-02-19,37.76999899422994,-122.42836542859993,1,OD000281
6075000014,2024-02-19,37.775318269580886,-122.40002110646826,2,OD000282
6075000008,2024-02-20,37.7817558743844,-122.42092323004512,0,OD000283
6075000046,2024-02-20,37.78223228382305,-122.44367493797856,4,OD000284
6075000007,2024-02-20,37.78460862963383,-122.40942554287442,2,OD000285
6075000046,2024-02-20,37.77794264368519,-122.43179914539684,1,OD000286
6075000005,2024-02-20,37.772875689901475,-122.41448011416418,3,OD000287
6075000044,2024-02-20,37.79971081919112,-122.43146871538279,5,OD000288
6075000036,2024-02-20,37.74955943127451,-122.44341160845111,12,OD000289
6075000003,2024-02-20,37.788487331980406,-122.40582182789659,4,OD000290
6075000040,2024-02-20,37.74334664032372,-122.41891717899982,12,OD000291
6075000005,2024-02-21,37.76991366029881,-122.41322783137572,0,OD000292
6075000019,2024-02-21,37.76390377356957,-122.41817821131635,0,OD000293
6075000012,2024-02-21,37.7771629563403,-122.40403727906424,0,OD000294
6075000002,2024-02-21,37.77395176404967,-122.41865451318397,1,OD000295
6075000029,2024-02-21,37.71736610477749,-122.4077330521958,12,OD000296
6075000020,2024-02-21,37.768864134113656,-122.41410263047511,1,OD000297
6075000002,2024-02-22,37.77802107745465,-122.41923514578747,0,OD000298
6075000007,2024-02-22,37.78502850086718,-122.41025703822783,0,OD000299
6075000011,2024-02-22,37.780915561224994,-122.40105407430092,0,OD000300
6075000042,2024-02-22,37.791428295293244,-122.4022165108593,2,OD000301
6075000036,2024-02-22,37.7483319478239,-122.43665463046247,13,OD000302
6075000033,2024-02-23,37.79980194670374,-122.39795839711121,1,OD000303
6075000010,2024-02-23,37.77325717894766,-122.40519990887232,1,OD000304
6075000033,2024-02-23,37.816032244011865,-122.41363292523732,4,OD000305
6075000001,2024-02-23,37.78795678211863,-122.41400488410045,1,OD000306
6075000011,2024-02-24,37.78245365019541,-122.4003722493129,0,OD000307
6075000045,2024-02-24,37.755460526640974,-122.44550409096644,13,OD000308
6075000036,2024-02-24,37.7595863940088,-122.42539111817999,4,OD000309
6075000021,2024-02-24,37.758608688430506,-122.41708425649522,3,OD000310
6075000006,2024-02-25,37.77508724125022,-122.4075830807799,0,OD000311
6075000001,2024-02-25,37.78461480910202,-122.41349609902944,0,OD000312
6075000004,2024-02-25,37.78883662975211,-122.41138898292022,0,OD000313
6075000005,2024-02-25,37.76830139301982,-122.41381880312343,0,OD000314
6075000001,2024-02-25,37.783774961494366,-122.41374263262605,1,OD000315
6075000009,2024-02-25,37.78169908927553,-122.4096575341112,1,OD000316
6075000045,2024-02-25,37.75732804906965,-122.4467611887056,14,OD000317
6075000036,2024-02-25,37.75325373981761,-122.43277836725075,14,OD000318
6075000011,2024-02-26,37.78375957892327,-122.40209149297617,0,OD000319
6075000004,2024-02-26,37.790802174057305,-122.41134690055586,2,OD000320
6075000003,2024-02-26,37.78808082528883,-122.4102478783802,2,OD000321
6075000019,2024-02-26,37.76087466717292,-122.42489423153702,4,OD000322
6075000006,2024-02-27,37.7794951604093,-122.40592018983709,0,OD000323
6075000001,2024-02-27,37.789127427195446,-122.42048963241342,1,OD000324
6075000009,2024-02-28,37.78244772075682,-122.40748353955158,0,OD000325
6075000014,2024-02-28,37.777557528423515,-122.40341451082159,0,OD000326
6075000007,2024-02-28,37.78410741185503,-122.40917669046733,1,OD000327
6075000008,2024-02-28,37.78106882482364,-122.41963115958353,1,OD000328
6075000043,2024-02-28,37.777179254499124,-122.39486521693024,1,OD000329
6075000009,2024-02-28,37.77998777169853,-122.40853356204042,2,OD000330
6075000040,2024-02-28,37.74313585470307,-122.42739213263779,15,OD000331
6075000015,2024-02-29,37.782575428208276,-122.39248562518863,0,OD000332
6075000012,2024-02-29,37.78097175925592,-122.40442739749801,0,OD000333
6075000010,2024-02-29,37.773182050351025,-122.40757631559765,0,OD000334
6075000020,2024-02-29,37.76547565164778,-122.41222238909519,1,OD000335
6075000034,2024-02-29,37.79725479234549,-122.4409301966927,5,OD000336
6075000002,2024-02-29,37.77794096039386,-122.41514037344284,1,OD000337
6075000040,2024-02-29,37.745518807489105,-122.42675948126731,16,OD000338
6075000046,2024-02-29,37.78172936379905,-122.43144048806118,1,OD000339
6075000006,2024-03-01,37.77705686213425,-122.40736690370537,0,OD000340
6075000007,2024-03-01,37.78541362822502,-122.40985372454708,0,OD000341
6075000017,2024-03-01,37.75549167510984,-122.4087566645446,0,OD000342
6075000017,2024-03-01,37.75559532614888,-122.40734242921424,0,OD000343
6075000004,2024-03-01,37.78760518081039,-122.40951555564148,0,OD000344
6075000015,2024-03-01,37.79085641522981,-122.39400207570328,2,OD000345
6075000042,2024-03-01,37.79325638246653,-122.39497620058725,1,OD000346
6075000041,2024-03-01,37.74414593531766,-122.40098399298542,1,OD000347
6075000005,2024-03-01,37.771200095846325,-122.41161072039878,1,OD000348
6075000009,2024-03-01,37.7807985422083,-122.41046010429719,1,OD000349
6075000043,2024-03-01,37.77636034943279,-122.39640962988493,1,OD000350
6075000004,2024-03-02,37.78847594705152,-122.41077846014439,0,OD000351
6075000003,2024-03-02,37.79008839235437,-122.40583609217954,0,OD000352
6075000016,2024-03-02,37.77725223383075,-122.40773832599466,0,OD000353
6075000033,2024-03-02,37.80457574168065,-122.38932054779039,2,OD000354
6075000043,2024-03-02,37.77707279930827,-122.38705048878235,2,OD000355
6075000001,2024-03-03,37.784436338929545,-122.41283045181117,0,OD000356
6075000019,2024-03-03,37.76921863584274,-122.42339325111394,2,OD000357
6075000043,2024-03-03,37.77785223004775,-122.38889230240102,1,OD000358
6075000022,2024-03-03,37.75214830147785,-122.4148905679335,15,OD000359
6075000015,2024-03-03,37.802988576488254,-122.37368685541806,3,OD000360
6075000005,2024-03-03,37.76965245191733,-122.42007101901763,2,OD000361
6075000009,2024-03-04,37.781540655346056,-122.40864647366703,0,OD000362
6075000032,2024-03-04,37.73375569727329,-122.38659794039194,0,OD000363
6075000008,2024-03-04,37.78367076280574,-122.42125796564572,0,OD000364
6075000010,2024-03-04,37.77263529295254,-122.40866941568197,0,OD000365
6075000032,2024-03-04,37.724576042903465,-122.38020418670551,1,OD000366
6075000002,2024-03-04,37.77090848416971,-122.42579705221297,1,OD000367
6075000032,2024-03-04,37.728195712821865,-122.38005808825669,2,OD000368
6075000001,2024-03-04,37.78751696704391,-122.41253430059962,1,OD000369
6075000005,2024-03-05,37.770442170561935,-122.41168417949326,0,OD000370
6075000002,2024-03-05,37.78059347828893,-122.4191470345821,0,OD000371
6075000036,2024-03-05,37.76021219065395,-122.43025065409842,0,OD000372
6075000012,2024-03-05,37.77629953719881,-122.40457999148472,0,OD000373
6075000016,2024-03-05,37.7765184705469,-122.41153914008812,1,OD000374
6075000046,2024-03-05,37.779330925598906,-122.42827051226638,2,OD000375
6075000038,2024-03-05,37.77035965627165,-122.40420486545808,1,OD000376
6075000016,2024-03-05,37.77605948586866,-122.41042067545276,1,OD000377
6075000009,2024-03-06,37.780917309154056,-122.40913678896544,0,OD000378
6075000025,2024-03-06,37.75393779309589,-122.39119070548942,3,OD000379
6075000001,2024-03-06,37.784300929312984,-122.41315751852109,2,OD000380
6075000042,2024-03-06,37.795552128376734,-122.40776952714987,2,OD000381
6075000014,2024-03-07,37.77547437329108,-122.40373135400152,0,OD000382
6075000015,2024-03-07,37.78649724207882,-122.38010320095967,1,OD000383
6075000004,2024-03-07,37.790471227799905,-122.40804277045125,3,OD000384
6075000010,2024-03-07,37.771961872942356,-122.4095627946953,2,OD000385
6075000007,2024-03-07,37.78661212405542,-122.4101356057248,3,OD000386
6075000042,2024-03-07,37.79165356538353,-122.39763450974185,4,OD000387
6075000013,2024-03-08,37.778554416303486,-122.40617430069662,0,OD000388
6075000001,2024-03-08,37.78507543863738,-122.41417610004581,0,OD000389
6075000013,2024-03-08,37.7799571912124,-122.40400152741869,0,OD000390
6075000042,2024-03-08,37.79145982907852,-122.4029960104285,4,OD000391
6075000006,2024-03-08,37.775613503215254,-122.41003025503458,3,OD000392
6075000014,2024-03-09,37.777134281061834,-122.40271335049117,0,OD000393
6075000004,2024-03-09,37.789617779456556,-122.40927184416044,0,OD000394
6075000038,2024-03-09,37.76904600749913,-122.40248673529317,1,OD000395
6075000041,2024-03-09,37.74998483370178,-122.40284123029245,2,OD000396
6075000006,2024-03-10,37.77741413753455,-122.40665173155138,0,OD000397
6075000004,2024-03-10,37.789495765052166,-122.40964878638812,0,OD000398
6075000001,2024-03-10,37.78615718607946,-122.41398196261267,0,OD000399
6075000011,2024-03-10,37.785187234713625,-122.40281797770032,0,OD000400
6075000016,2024-03-10,37.777487863406336,-122.40628398905807,0,OD000401
6075000003,2024-03-10,37.78699082739273,-122.40585732639386,1,OD000402
6075000023,2024-03-10,37.755575713457645,-122.400712619767,3,OD000403
6075000014,2024-03-10,37.772624643248705,-122.39820320123123,1,OD000404
6075000043,2024-03-10,37.7811092190987,-122.39145849391687,5,OD000405
6075000015,2024-03-11,37.78610663907335,-122.39363295397865,0,OD000406
6075000041,2024-03-11,37.74458980516133,-122.40589785266793,4,OD000407
6075000046,2024-03-11,37.78092041233322,-122.43365146540671,3,OD000408
6075000014,2024-03-11,37.775925168957535,-122.39951889728356,1,OD000409
6075000008,2024-03-11,37.784707075070166,-122.42269706893148,2,OD000410
6075000003,2024-03-12,37.78729483728118,-122.40500425475982,0,OD000411
6075000013,2024-03-12,37.778602253499926,-122.40115121750138,0,OD000412
6075000010,2024-03-13,37.770166031803974,-122.40664763101799,0,OD000413
6075000031,2024-03-13,37.7336045512634,-122.38649283414195,0,OD000414
6075000004,2024-03-13,37.78986941508553,-122.40741860671451,0,OD000415
6075000023,2024-03-13,37.75478395463348,-122.41052766358771,0,OD000416
6075000011,2024-03-13,37.78494022519881,-122.40219775592736,0,OD000417
6075000014,2024-03-13,37.77349760813885,-122.39965120853412,0,OD000418
6075000023,2024-03-13,37.75754028086291,-122.40252059625861,3,OD000419
6075000016,2024-03-13,37.777382685044785,-122.41040744228415,1,OD000420
6075000042,2024-03-13,37.79558040640113,-122.4076285749088,1,OD000421
6075000008,2024-03-13,37.78098635246501,-122.4186810800424,2,OD000422
6075000023,2024-03-14,37.753956065962875,-122.40585985918072,4,OD000423
6075000017,2024-03-14,37.76037355746342,-122.40924519610732,5,OD000424
6075000014,2024-03-14,37.7717951033703,-122.39782874852517,1,OD000425
6075000016,2024-03-14,37.77562944113083,-122.41180787416674,3,OD000426
6075000016,2024-03-15,37.77752679963344,-122.40835815451659,0,OD000427
6075000022,2024-03-15,37.75561223676237,-122.4164898006611,1,OD000428
6075000008,2024-03-16,37.781273489369134,-122.4189779095948,0,OD000429
6075000022,2024-03-16,37.75133207530399,-122.42103136801269,2,OD000430
6075000043,2024-03-16,37.77547417049062,-122.39385645372886,2,OD000431
6075000030,2024-03-17,37.733715287342314,-122.39237354479813,0,OD000432
6075000003,2024-03-17,37.78885921137767,-122.40636021505924,0,OD000433
6075000016,2024-03-17,37.7759762237178,-122.40799905482326,0,OD000434
6075000009,2024-03-17,37.78161603902726,-122.41008331947016,0,OD000435
6075000012,2024-03-17,37.77989544611892,-122.40332077931828,0,OD000436
6075000041,2024-03-17,37.74309820682623,-122.39707480285979,5,OD000437
6075000038,2024-03-17,37.77100560893472,-122.40083898991385,2,OD000438
6075000030,2024-03-18,37.73453984792328,-122.39115024564074,0,OD000439
6075000032,2024-03-18,37.73476791510665,-122.38527164005409,1,OD000440
6075000036,2024-03-18,37.7535803835477,-122.43135128263042,3,OD000441
6075000016,2024-03-19,37.77837118455299,-122.40624535082065,0,OD000442
6075000006,2024-03-19,37.777549548674756,-122.41051353884092,0,OD000443
6075000016,2024-03-19,37.77722542624958,-122.41020737672615,0,OD000444
6075000032,2024-03-19,37.731262459251695,-122.38417774483597,1,OD000445
6075000012,2024-03-19,37.77922945068805,-122.40210622345771,1,OD000446
6075000036,2024-03-19,37.75361001477076,-122.43597303818407,4,OD000447
6075000012,2024-03-19,37.77919446894445,-122.40225933034357,1,OD000448
6075000010,2024-03-20,37.772826579649724,-122.40941078201845,0,OD000449
6075000045,2024-03-20,37.76352595844664,-122.43792879622474,5,OD000450
6075000045,2024-03-20,37.75958254200074,-122.44778141155452,6,OD000451
6075000045,2024-03-20,37.74867494459459,-122.45100274466442,7,OD000452
6075000005,2024-03-21,37.771682729077426,-122.41316139832497,0,OD000453
6075000002,2024-03-21,37.77860883496684,-122.41859599598853,0,OD000454
6075000043,2024-03-21,37.779374213131,-122.39605017488313,0,OD000455
6075000036,2024-03-21,37.75877406914197,-122.43262985723808,4,OD000456
6075000016,2024-03-23,37.77749664667586,-122.40835274290751,0,OD000457
6075000007,2024-03-23,37.78470683919852,-122.41226707815225,0,OD000458
6075000006,2024-03-23,37.77374549694031,-122.40871246348868,0,OD000459
6075000009,2024-03-23,37.78146392092123,-122.40824337237075,0,OD000460
6075000031,2024-03-24,37.731782319263175,-122.38832020666,0,OD000461
6075000025,2024-03-24,37.739579036181205,-122.39269204802805,0,OD000462
6075000006,2024-03-24,37.77480119503246,-122.40742743147234,0,OD000463
6075000022,2024-03-24,37.75757973771213,-122.41248134468067,0,OD000464
6075000011,2024-03-24,37.78476070204536,-122.40174236641568,0,OD000465
6075000002,2024-03-24,37.777277270558315,-122.41703461778262,0,OD000466
6075000015,2024-03-24,37.78523558623957,-122.39385261072441,0,OD000467
6075000017,2024-03-24,37.75754740416777,-122.4084162915189,1,OD000468
6075000003,2024-03-24,37.786896173326596,-122.41012575250943,1,OD000469
6075000023,2024-03-24,37.755896331706964,-122.40816484134822,2,OD000470
6075000038,2024-03-24,37.7681066345169,-122.4063741210865,2,OD000471
6075000046,2024-03-25,37.7789167794746,-122.42530848212625,0,OD000472
6075000007,2024-03-25,37.78399506262429,-122.40766526981811,0,OD000473
6075000010,2024-03-25,37.77461388234721,-122.40653677602864,0,OD000474
6075000006,2024-03-25,37.775373511534575,-122.40459764044074,0,OD000475
6075000038,2024-03-25,37.76947074735494,-122.40235433835407,1,OD000476
6075000001,2024-03-25,37.787643192852855,-122.41740356798752,1,OD000477
6075000041,2024-03-25,37.746469870142924,-122.39766469097395,1,OD000478
6075000016,2024-03-25,37.778913067028654,-122.41067218151701,1,OD000479
6075000013,2024-03-25,37.777338335763524,-122.40462976139582,1,OD000480
6075000015,2024-03-25,37.78409940938467,-122.39131226093879,1,OD000481
6075000010,2024-03-26,37.77150365333177,-122.40698477295766,0,OD000482
6075000001,2024-03-26,37.78427841106713,-122.41355472775146,0,OD000483
6075000008,2024-03-26,37.7852833183857,-122.41837848593593,0,OD000484
6075000043,2024-03-26,37.77713977324426,-122.39698848741203,1,OD000485
6075000002,2024-03-26,37.77472261428479,-122.42484102371081,1,OD000486
6075000015,2024-03-26,37.79688891476054,-122.37224394189668,2,OD000487
6075000004,2024-03-26,37.79117602163765,-122.40987701854571,1,OD000488
6075000007,2024-03-26,37.78303014228592,-122.40910523135625,1,OD000489
6075000007,2024-03-27,37.78320825039396,-122.41176055519543,1,OD000490
6075000011,2024-03-27,37.78334876933816,-122.40225749948789,2,OD000491
6075000036,2024-03-28,37.758692043447674,-122.4320223724076,0,OD000492
6075000038,2024-03-28,37.76670357010497,-122.40261956875761,3,OD000493
6075000043,2024-03-29,37.778403330027935,-122.39642205744362,2,OD000494
6075000035,2024-03-29,37.76677775175234,-122.42975302458477,1,OD000495
6075000003,2024-03-29,37.786516436069604,-122.40548969204303,3,OD000496
6075000010,2024-03-30,37.7723055292907,-122.40909740081806,0,OD000497
6075000003,2024-04-01,37.78747834168584,-122.40984985989176,0,OD000498
6075000014,2024-04-01,37.7752203728158,-122.4008767242216,0,OD000499
6075000045,2024-04-01,37.75863742302706,-122.43368494634025,0,OD000500
6075000016,2024-04-01,37.77860319425761,-122.40574801333679,0,OD000501
6075000016,2024-04-02,37.77710638763934,-122.40635828758315,0,OD000502
6075000014,2024-04-02,37.77442432461271,-122.40254767622528,0,OD000503
6075000009,2024-04-02,37.77853744397546,-122.40885076614316,0,OD000504
6075000007,2024-04-02,37.78615632513358,-122.40918554482555,0,OD000505
6075000020,2024-04-02,37.767116659216654,-122.41550232938162,0,OD000506
6075000001,2024-04-02,37.78367291990167,-122.41362802903318,1,OD000507
6075000013,2024-04-03,37.77728803465154,-122.40221300039647,0,OD000508
6075000043,2024-04-03,37.78019316842091,-122.39630340020823,0,OD000509
6075000005,2024-04-03,37.76994166747502,-122.41096537268177,0,OD000510
6075000011,2024-04-03,37.78427515930631,-122.4007443352779,0,OD000511
6075000002,2024-04-03,37.778169576501206,-122.41774713661685,0,OD000512
6075000013,2024-04-03,37.77652085003721,-122.39911156909686,2,OD000513
6075000012,2024-04-04,37.78011774255119,-122.40430634373699,0,OD000514
6075000024,2024-04-04,37.75962840361284,-122.41247508348296,0,OD000515
6075000021,2024-04-04,37.75970172778126,-122.41426718786883,1,OD000516
6075000038,2024-04-04,37.76964353545198,-122.39767883807812,2,OD000517
6075000017,2024-04-04,37.758652623312855,-122.40544903587819,1,OD000518
6075000001,2024-04-05,37.78568123275152,-122.4153825338781,0,OD000519
6075000010,2024-04-05,37.77275217256333,-122.4103064099619,1,OD000520
6075000007,2024-04-06,37.78188677508794,-122.41169848402313,0,OD000521
6075000042,2024-04-06,37.78918470566256,-122.39869265671878,1,OD000522
6075000013,2024-04-07,37.77886836668868,-122.4022876864296,0,OD000523
6075000016,2024-04-07,37.777641569162,-122.41230716174299,3,OD000524
6075000003,2024-04-08,37.78656782391188,-122.40896458692843,0,OD000525
6075000018,2024-04-08,37.75496400446524,-122.41032961759932,0,OD000526
6075000027,2024-04-08,37.737863128540106,-122.39624828949903,0,OD000527
6075000012,2024-04-08,37.77818763665677,-122.40317140110754,0,OD000528
6075000012,2024-04-08,37.780420145360836,-122.40148715578475,1,OD000529
6075000041,2024-04-08,37.743466774546995,-122.40735502747856,1,OD000530
6075000016,2024-04-08,37.77796796416466,-122.4081687161263,3,OD000531
6075000016,2024-04-09,37.777283290720746,-122.4085514401622,0,OD000532
6075000008,2024-04-10,37.780321173584,-122.42093024940553,0,OD000533
6075000035,2024-04-10,37.76094229636104,-122.43152848710903,0,OD000534
6075000009,2024-04-10,37.78177363731246,-122.40520882957837,2,OD000535
6075000025,2024-04-10,37.740539124395696,-122.39370232394442,1,OD000536
6075000042,2024-04-10,37.78858311655868,-122.40038599566759,3,OD000537
6075000011,2024-04-10,37.783859442052474,-122.40151483334407,1,OD000538
6075000031,2024-04-11,37.73224487424475,-122.38522891170702,0,OD000539
6075000043,2024-04-11,37.780351917447085,-122.39842784466332,2,OD000540
6075000003,2024-04-11,37.789350704758434,-122.40643728010073,2,OD000541
6075000012,2024-04-11,37.77994222201939,-122.40101259636872,1,OD000542
6075000014,2024-04-12,37.773527798094925,-122.4044738622246,0,OD000543
6075000028,2024-04-12,37.750069292106566,-122.3830425087629,2,OD000544
6075000041,2024-04-12,37.74822392644202,-122.40707721542462,1,OD000545
6075000016,2024-04-13,37.777626458789534,-122.41019405461809,0,OD000546
6075000040,2024-04-14,37.73324161131862,-122.4206266484,0,OD000547
6075000004,2024-04-15,37.79272419056493,-122.40981103289532,0,OD000548
6075000013,2024-04-15,37.77852957028228,-122.40293128109,0,OD000549
6075000023,2024-04-15,37.75410423624397,-122.40906682989846,0,OD000550
6075000002,2024-04-15,37.77844335875202,-122.41541193409537,0,OD000551
6075000002,2024-04-15,37.77832535331893,-122.41595058189237,1,OD000552
6075000042,2024-04-15,37.79080296288691,-122.4015303123323,1,OD000553
6075000005,2024-04-15,37.77417512342381,-122.41260932777803,1,OD000554
6075000038,2024-04-15,37.769807166758525,-122.39945793959964,1,OD000555
6075000024,2024-04-15,37.76210871568474,-122.40884639738572,2,OD000556
6075000011,2024-04-15,37.78495764386591,-122.40578037451746,1,OD000557
6075000003,2024-04-16,37.78701177476743,-122.40805263822293,0,OD000558
6075000005,2024-04-16,37.768276997732265,-122.4130355137157,0,OD000559
6075000004,2024-04-16,37.790879343046754,-122.40809660774946,0,OD000560
6075000008,2024-04-16,37.7850878957896,-122.41992413168768,2,OD000561
6075000011,2024-04-16,37.7860175346468,-122.40326496466905,1,OD000562
6075000009,2024-04-18,37.77875904998566,-122.40812902878216,0,OD000563
6075000013,2024-04-18,37.77849360778832,-122.40322405903795,0,OD000564
6075000042,2024-04-18,37.79117634678421,-122.40587227191251,1,OD000565
6075000043,2024-04-18,37.77453029951067,-122.3926982409826,2,OD000566
6075000025,2024-04-18,37.74205823911759,-122.38821078821613,1,OD000567
6075000001,2024-04-19,37.78679678910504,-122.41360438013366,0,OD000568
6075000011,2024-04-19,37.78332971072736,-122.40521768005571,2,OD000569
6075000042,2024-04-19,37.78965645215705,-122.40372752593156,1,OD000570
6075000001,2024-04-20,37.78779086321181,-122.41389951430403,0,OD000571
6075000038,2024-04-20,37.76651393459568,-122.39876550063943,2,OD000572
6075000004,2024-04-20,37.79295303471641,-122.41466246105907,2,OD000573
6075000042,2024-04-20,37.78982022158815,-122.40214318076754,3,OD000574
6075000007,2024-04-21,37.789192177941615,-122.41121664672539,0,OD000575
6075000016,2024-04-21,37.77661383799757,-122.40880756263348,0,OD000576
6075000001,2024-04-21,37.790416913433944,-122.42218778095909,3,OD000577
6075000007,2024-04-21,37.78590087556086,-122.41018153867627,1,OD000578
6075000002,2024-04-21,37.777374657533436,-122.41364043377352,2,OD000579
6075000006,2024-04-21,37.775734464812146,-122.40825089429435,2,OD000580
6075000013,2024-04-21,37.77619753891606,-122.40329717994055,3,OD000581
6075000005,2024-04-22,37.76929239679833,-122.41114942653034,0,OD000582
6075000046,2024-04-22,37.787099451799584,-122.43411959047144,2,OD000583
6075000004,2024-04-23,37.7884782604797,-122.40786747831187,0,OD000584
6075000007,2024-04-24,37.784436394694964,-122.40973388211683,0,OD000585
6075000044,2024-04-24,37.80096431315677,-122.41641068597434,1,OD000586
6075000009,2024-04-24,37.78133737788556,-122.40729911454073,1,OD000587
6075000020,2024-04-25,37.766548526878076,-122.40972878627316,4,OD000588
6075000016,2024-04-26,37.77564409904815,-122.4071516201176,0,OD000589
6075000041,2024-04-27,37.744150930343835,-122.40112925507466,0,OD000590
6075000005,2024-04-28,37.771137921212556,-122.41316108729137,0,OD000591
6075000014,2024-04-28,37.772375695832075,-122.40283166399604,0,OD000592
6075000010,2024-04-28,37.77224294943968,-122.40864432942888,0,OD000593
6075000001,2024-04-28,37.7875139064491,-122.41403193830484,0,OD000594
6075000044,2024-04-28,37.80407876239865,-122.4198423860073,4,OD000595
6075000011,2024-04-28,37.783221947452255,-122.40101559107005,1,OD000596
6075000038,2024-04-28,37.76477986596883,-122.39884358939872,1,OD000597
6075000031,2024-04-29,37.73264529463788,-122.3885464708768,0,OD000598
6075000001,2024-04-29,37.784586697186974,-122.41429083483504,0,OD000599
6075000011,2024-04-29,37.7848392911296,-122.40273521175708,0,OD000600
6075000010,2024-04-29,37.77142275380439,-122.40788137696634,0,OD000601
6075000033,2024-04-29,37.797811781397385,-122.41081466637502,1,OD000602
6075000011,2024-04-29,37.787061810946874,-122.40047496636438,1,OD000603
6075000031,2024-04-30,37.73117718577053,-122.38702989734855,0,OD000604
6075000038,2024-04-30,37.76376490511769,-122.39836905007445,5,OD000605
6075000016,2024-05-01,37.7797685523857,-122.40949343676508,0,OD000606
6075000013,2024-05-01,37.77687513601891,-122.40385203341091,0,OD000607
6075000005,2024-05-01,37.77069832036941,-122.41168807326011,0,OD000608
6075000008,2024-05-01,37.78143286957946,-122.41826313163837,0,OD000609
6075000007,2024-05-01,37.785046733386494,-122.40791928171494,0,OD000610
6075000010,2024-05-01,37.77141500416639,-122.40649759109121,1,OD000611
6075000033,2024-05-01,37.80640418996915,-122.40888251490954,2,OD000612
6075000012,2024-05-02,37.778315094857085,-122.40301347476914,0,OD000613
6075000008,2024-05-02,37.78069972570004,-122.41840584230074,0,OD000614
6075000009,2024-05-02,37.78047534898714,-122.4062916366556,0,OD000615
6075000024,2024-05-02,37.76387826793253,-122.41405121354212,0,OD000616
6075000001,2024-05-02,37.78517841990462,-122.41586866897124,0,OD000617
6075000011,2024-05-02,37.78249938657972,-122.39880183958786,1,OD000618
6075000016,2024-05-02,37.776502203389825,-122.41284819512614,1,OD000619
6075000001,2024-05-02,37.78393279482296,-122.41599772381127,1,OD000620
6075000002,2024-05-03,37.77721706872522,-122.42015144447207,0,OD000621
6075000033,2024-05-03,37.80201364777774,-122.40182199812408,0,OD000622
6075000009,2024-05-03,37.78122939475026,-122.40900019947513,0,OD000623
6075000004,2024-05-03,37.79012426996694,-122.40894362859041,0,OD000624
6075000002,2024-05-03,37.77740599880418,-122.41625986486018,2,OD000625
6075000004,2024-05-04,37.78893242991542,-122.40802818302583,0,OD000626
6075000005,2024-05-04,37.77325783670903,-122.41468056850205,0,OD000627
6075000016,2024-05-04,37.77695521584158,-122.40681627329839,0,OD000628
6075000010,2024-05-04,37.771201012725015,-122.40861859865885,0,OD000629
6075000001,2024-05-04,37.78697741920683,-122.41132091516278,1,OD000630
6075000003,2024-05-05,37.787360854400916,-122.40815885575732,0,OD000631
6075000012,2024-05-05,37.778833807785865,-122.40281841829598,0,OD000632
6075000011,2024-05-05,37.78087747981512,-122.40200385486547,0,OD000633
6075000003,2024-05-05,37.78832393990251,-122.40989014357613,0,OD000634
6075000002,2024-05-05,37.775209153828634,-122.41885832519763,0,OD000635
6075000020,2024-05-05,37.76798152432665,-122.4156709972367,1,OD000636
6075000046,2024-05-05,37.784600880120635,-122.42490495632624,1,OD000637
6075000033,2024-05-05,37.802928424604964,-122.41123217356048,1,OD000638
6075000012,2024-05-06,37.77555055486424,-122.40650065702043,0,OD000639
6075000007,2024-05-06,37.78493684832438,-122.41012371772382,0,OD000640
6075000016,2024-05-06,37.77663107104238,-122.40720544611801,0,OD000641
6075000014,2024-05-06,37.77483822622197,-122.40397538341617,1,OD000642
6075000003,2024-05-06,37.789679183363,-122.40530912382043,1,OD000643
6075000043,2024-05-06,37.77909935718445,-122.38952705479724,1,OD000644
6075000020,2024-05-06,37.76871324548315,-122.41718654044035,1,OD000645
6075000033,2024-05-06,37.8051958077569,-122.40740781710726,3,OD000646
6075000006,2024-05-06,37.77427512910891,-122.40570108661286,1,OD000647
6075000006,2024-05-06,37.775579684850634,-122.40991225611283,2,OD000648
6075000025,2024-05-07,37.73832316337336,-122.38875559389645,0,OD000649
6075000008,2024-05-07,37.78195384698564,-122.41989818754067,0,OD000650
6075000003,2024-05-07,37.7876708105242,-122.41146534020108,1,OD000651
6075000046,2024-05-07,37.78216929096852,-122.42794758771532,1,OD000652
6075000019,2024-05-07,37.76292873687394,-122.41753877423416,2,OD000653
6075000004,2024-05-07,37.79012357411753,-122.4112938372062,1,OD000654
6075000046,2024-05-07,37.78341023239959,-122.43263988164442,2,OD000655
6075000029,2024-05-07,37.73265360565332,-122.40095065594811,1,OD000656
6075000016,2024-05-08,37.77540877149218,-122.40672544239607,0,OD000657
6075000024,2024-05-08,37.76217926910015,-122.4132411188762,1,OD000658
6075000042,2024-05-08,37.78837760168785,-122.40291860340734,1,OD000659
6075000042,2024-05-08,37.792937351288344,-122.39985279827648,2,OD000660
6075000006,2024-05-08,37.774492373220696,-122.40640657950482,1,OD000661
6075000010,2024-05-08,37.76876997439852,-122.40852485761162,2,OD000662
6075000046,2024-05-08,37.776500718287444,-122.42878362078669,3,OD000663
6075000044,2024-05-08,37.79303513441124,-122.42815452248111,3,OD000664
6075000007,2024-05-09,37.78527693021565,-122.40964532299165,0,OD000665
6075000005,2024-05-09,37.77208538128547,-122.418516537676,2,OD000666
6075000042,2024-05-09,37.793270765622104,-122.40442858648007,1,OD000667
6075000046,2024-05-09,37.77486632817594,-122.43245933798748,3,OD000668
6075000038,2024-05-09,37.76983986763085,-122.40379140936112,3,OD000669
6075000021,2024-05-10,37.758593263658625,-122.41455145294283,0,OD000670
6075000034,2024-05-10,37.79760833852813,-122.43424880029079,4,OD000671
6075000015,2024-05-10,37.78150469901083,-122.37709575671327,2,OD000672
6075000004,2024-05-10,37.79454696560734,-122.41128161034621,2,OD000673
6075000010,2024-05-10,37.773866011570576,-122.40732104423223,3,OD000674
6075000035,2024-05-11,37.76895541237852,-122.433627589954,4,OD000675
6075000043,2024-05-12,37.78035254126174,-122.39631615002753,0,OD000676
6075000020,2024-05-12,37.76630872686718,-122.41402207970565,0,OD000677
6075000031,2024-05-12,37.731144054018905,-122.39028383663906,0,OD000678
6075000008,2024-05-12,37.77999358861994,-122.41900513098172,0,OD000679
6075000016,2024-05-12,37.77589425859052,-122.40617439262789,0,OD000680
6075000043,2024-05-12,37.78212353617852,-122.39665833745893,2,OD000681
6075000004,2024-05-12,37.79530754773106,-122.41202817628913,2,OD000682
6075000044,2024-05-12,37.79747015300342,-122.42685815739559,4,OD000683
6075000020,2024-05-13,37.766703733253976,-122.4123698863609,0,OD000684
6075000001,2024-05-13,37.785593136600696,-122.4136936441786,0,OD000685
6075000046,2024-05-13,37.7792204672222,-122.42304205550242,0,OD000686
6075000007,2024-05-13,37.78720955204407,-122.41051904917389,0,OD000687
6075000014,2024-05-13,37.77474815318167,-122.40425268811023,0,OD000688
6075000010,2024-05-13,37.76958231298749,-122.40861613335551,2,OD000689
6075000044,2024-05-14,37.797224606294996,-122.42477513302242,0,OD000690
6075000016,2024-05-14,37.776702432847564,-122.40750219882096,0,OD000691
6075000015,2024-05-14,37.78515524081933,-122.3886596836764,0,OD000692
6075000046,2024-05-14,37.7811795880093,-122.42295818527514,4,OD000693
6075000033,2024-05-14,37.80036316130736,-122.4062413972364,3,OD000694
6075000009,2024-05-14,37.78327145551531,-122.40712656844656,1,OD000695
6075000046,2024-05-14,37.774145537320145,-122.43322498757728,5,OD000696
6075000015,2024-05-14,37.79141086628146,-122.39325204874118,1,OD000697
6075000014,2024-05-15,37.77405855543451,-122.4004274602322,0,OD000698
6075000011,2024-05-15,37.782110174408615,-122.40288709097682,0,OD000699
6075000011,2024-05-15,37.78253515478547,-122.39895280997855,2,OD000700
6075000034,2024-05-15,37.78910082487073,-122.44310950191037,5,OD000701
6075000038,2024-05-15,37.76411010822686,-122.39349112126723,3,OD000702
6075000009,2024-05-16,37.78004521341965,-122.40808207420869,1,OD000703
6075000014,2024-05-16,37.77374438524969,-122.40458836204428,4,OD000704
6075000044,2024-05-16,37.80935565826103,-122.42373768349741,1,OD000705
6075000016,2024-05-17,37.77884937853003,-122.40679297822463,0,OD000706
6075000015,2024-05-17,37.78422687749026,-122.3943681347632,1,OD000707
6075000023,2024-05-18,37.754323192297775,-122.40886473562493,0,OD000708
6075000004,2024-05-18,37.78817233261312,-122.40833815474753,0,OD000709
6075000032,2024-05-18,37.73107898053455,-122.38763081809307,0,OD000710
6075000012,2024-05-20,37.776948682134865,-122.40322756973211,0,OD000711
6075000043,2024-05-20,37.779805131284185,-122.39217613749405,2,OD000712
6075000016,2024-05-21,37.778692371489726,-122.4101601714846,0,OD000713
6075000016,2024-05-21,37.779212821958474,-122.405615878654,0,OD000714
6075000036,2024-05-21,37.75683658542176,-122.42506073446818,1,OD000715
6075000022,2024-05-21,37.75304148092468,-122.4176828952527,2,OD000716
6075000045,2024-05-22,37.758774527694925,-122.43453177881199,0,OD000717
6075000011,2024-05-22,37.7828390081662,-122.4014789942825,0,OD000718
6075000011,2024-05-22,37.78463613245865,-122.40223216247577,0,OD000719
6075000030,2024-05-22,37.73454132303134,-122.39262865004866,0,OD000720
6075000003,2024-05-22,37.78676835151793,-122.40618937486926,1,OD000721
6075000021,2024-05-22,37.7585143353322,-122.42067558928247,3,OD000722
6075000032,2024-05-23,37.73494820218058,-122.38553563264259,0,OD000723
6075000009,2024-05-23,37.77893740221393,-122.40862023000167,0,OD000724
6075000014,2024-05-23,37.77483542153568,-122.39685589962514,1,OD000725
6075000008,2024-05-24,37.780213265473726,-122.4178686351975,0,OD000726
6075000036,2024-05-24,37.75863190229908,-122.43379445115269,0,OD000727
6075000036,2024-05-24,37.74676869292984,-122.44876312033118,1,OD000728
6075000009,2024-05-25,37.78156304804253,-122.4074454598832,0,OD000729
6075000036,2024-05-26,37.7484837800728,-122.43813247711391,2,OD000730
6075000041,2024-05-26,37.7503381157731,-122.39732080737637,1,OD000731
6075000015,2024-05-27,37.78442085338926,-122.39313033468981,0,OD000732
6075000012,2024-05-27,37.78030581267377,-122.40498051452299,0,OD000733
6075000045,2024-05-27,37.751634437669196,-122.45277919804496,2,OD000734
6075000018,2024-05-28,37.757068709412785,-122.41016766186735,0,OD000735
6075000007,2024-05-28,37.78787319867331,-122.41240115779499,0,OD000736
6075000007,2024-05-28,37.7850371716108,-122.4091212874828,0,OD000737
6075000002,2024-05-28,37.773118145170216,-122.42838017360965,1,OD000738
6075000048,2024-05-28,37.756196104057736,-122.45741581502082,3,OD000739
6075000029,2024-05-28,37.732812060995265,-122.4059923238664,2,OD000740
6075000016,2024-05-28,37.77791131158728,-122.4091091218493,1,OD000741
6075000027,2024-05-29,37.73692730836257,-122.39729560199709,0,OD000742
6075000023,2024-05-29,37.75212864450863,-122.41056822861228,0,OD000743
6075000006,2024-05-29,37.77850770661435,-122.40861216055366,0,OD000744
6075000004,2024-05-29,37.78824698977588,-122.40883641435235,0,OD000745
6075000028,2024-05-29,37.73919850135458,-122.38173646197484,0,OD000746
6075000009,2024-05-29,37.78171468428081,-122.4074575169782,1,OD000747
6075000038,2024-05-29,37.76589427255311,-122.39649719304023,1,OD000748
6075000011,2024-05-29,37.786434637620765,-122.4038185021249,1,OD000749
6075000007,2024-05-29,37.784120900731665,-122.40994342802134,1,OD000750
6075000021,2024-05-29,37.76030496207583,-122.41608583162879,1,OD000751
6075000042,2024-05-29,37.79113480301352,-122.40235306422375,2,OD000752
6075000048,2024-05-29,37.75385271988395,-122.45785102142919,4,OD000753
6075000001,2024-05-29,37.78753331448509,-122.41249217131822,1,OD000754
6075000016,2024-05-30,37.779312024250224,-122.40709710892465,0,OD000755
6075000012,2024-05-30,37.779245353713364,-122.40340083090149,0,OD000756
6075000041,2024-05-30,37.74390500707851,-122.3992598753054,0,OD000757
6075000041,2024-05-30,37.74613247181661,-122.39586186399993,1,OD000758
6075000011,2024-05-30,37.78295050737424,-122.39985132472691,2,OD000759
6075000002,2024-05-30,37.7742863133634,-122.41969336434438,1,OD000760
6075000014,2024-05-30,37.77128859319967,-122.4035143245484,1,OD000761
6075000014,2024-05-31,37.77507205644763,-122.40305709721756,0,OD000762
6075000013,2024-05-31,37.77658244162039,-122.40017033322566,0,OD000763
6075000029,2024-05-31,37.72435524216662,-122.40073027260715,0,OD000764
6075000038,2024-05-31,37.75799046940895,-122.3893120752518,2,OD000765
6075000010,2024-05-31,37.77310610136686,-122.41008251683004,1,OD000766
6075000046,2024-06-01,37.77978564205016,-122.42048701685508,2,OD000767
6075000038,2024-06-01,37.765373865342134,-122.39785622650541,2,OD000768
6075000009,2024-06-01,37.781039708883,-122.40988064272791,2,OD000769
6075000038,2024-06-01,37.768052749508676,-122.39617201889772,3,OD000770
6075000020,2024-06-01,37.76925977875961,-122.40983054374887,3,OD000771
6075000038,2024-06-02,37.76657080994808,-122.40560667631817,0,OD000772
6075000027,2024-06-02,37.73767233219185,-122.39465683542262,0,OD000773
6075000010,2024-06-02,37.77219259155812,-122.40836678698464,3,OD000774
6075000002,2024-06-02,37.77671181648478,-122.41456023517252,2,OD000775
6075000016,2024-06-03,37.778415799063964,-122.40677789529879,1,OD000776
6075000023,2024-06-03,37.753541885269186,-122.40697178770421,1,OD000777
6075000023,2024-06-03,37.7536592464663,-122.40914996152286,2,OD000778
6075000020,2024-06-04,37.767027472452405,-122.41493050355867,0,OD000779
6075000048,2024-06-04,37.74614630847418,-122.46524327681564,5,OD000780
6075000005,2024-06-04,37.77016267010986,-122.41613994727165,1,OD000781
6075000007,2024-06-05,37.78272604539922,-122.40853584684999,0,OD000782
6075000019,2024-06-05,37.7628890768199,-122.41841381291299,0,OD000783
6075000006,2024-06-05,37.776332001911456,-122.40845453576713,0,OD000784
6075000008,2024-06-06,37.78222906435364,-122.419608085858,0,OD000785
6075000005,2024-06-06,37.77059488698761,-122.41914836801082,4,OD000786
6075000015,2024-06-07,37.7860268186437,-122.3923308368314,0,OD000787
6075000008,2024-06-07,37.783326621616425,-122.41935885423685,0,OD000788
6075000027,2024-06-07,37.736627837691586,-122.39722842034405,0,OD000789
6075000002,2024-06-08,37.77647100868142,-122.4198913886547,0,OD000790
6075000016,2024-06-08,37.77804608432262,-122.40381776889718,0,OD000791
6075000003,2024-06-08,37.78595667927508,-122.40858297596888,0,OD000792
6075000016,2024-06-08,37.77770489730004,-122.41232542141762,1,OD000793
6075000005,2024-06-09,37.77223924379797,-122.41340085148076,1,OD000794
6075000012,2024-06-10,37.77827588263487,-122.40304700462792,0,OD000795
6075000005,2024-06-10,37.77124720015188,-122.41442587403446,1,OD000796
6075000002,2024-06-10,37.777049517868015,-122.41463820495943,1,OD000797
6075000019,2024-06-10,37.7680623533423,-122.42105812334047,2,OD000798
6075000002,2024-06-10,37.77504637670104,-122.41669217964274,2,OD000799
6075000010,2024-06-11,37.771763909688474,-122.40885245631625,0,OD000800
6075000006,2024-06-12,37.77792396623339,-122.4078613785642,0,OD000801
6075000012,2024-06-12,37.78036584055127,-122.40084468665366,0,OD000802
6075000008,2024-06-12,37.78060720413939,-122.41854609187516,0,OD000803
6075000043,2024-06-12,37.78005586305835,-122.39441557467428,1,OD000804
6075000007,2024-06-12,37.783613766544214,-122.40764587154673,2,OD000805
6075000019,2024-06-12,37.764865393327256,-122.41730745096899,2,OD000806
6075000006,2024-06-13,37.777260434393526,-122.4076310616888,0,OD000807
6075000013,2024-06-13,37.77821601194288,-122.40129759350513,0,OD000808
6075000023,2024-06-13,37.75469413822092,-122.41339749196457,0,OD000809
6075000014,2024-06-13,37.77535571061327,-122.40414480636484,0,OD000810
6075000002,2024-06-13,37.77857574117763,-122.41360793434798,3,OD000811
6075000013,2024-06-14,37.77772514740627,-122.40197394380408,0,OD000812
6075000008,2024-06-14,37.782175565591864,-122.420292470021,0,OD000813
6075000004,2024-06-14,37.787114772125875,-122.41078906216968,0,OD000814
6075000004,2024-06-14,37.789509809541975,-122.4099449212276,0,OD000815
6075000007,2024-06-14,37.781102448621645,-122.41350170295077,1,OD000816
6075000003,2024-06-14,37.787436275811196,-122.40848711448082,1,OD000817
6075000012,2024-06-15,37.77847123886154,-122.40229919295585,0,OD000818
6075000007,2024-06-15,37.78379249242355,-122.41398374747509,0,OD000819
6075000010,2024-06-15,37.772744050682725,-122.4078891669111,0,OD000820
6075000024,2024-06-15,37.76321424465022,-122.41381022735798,0,OD000821
6075000012,2024-06-15,37.777744441322824,-122.40523878624995,0,OD000822
6075000024,2024-06-15,37.763132491486175,-122.41298279365857,1,OD000823
6075000046,2024-06-15,37.78370522692569,-122.42389363144902,1,OD000824
6075000038,2024-06-15,37.767024455802705,-122.40720588423373,2,OD000825
6075000019,2024-06-15,37.76484246361969,-122.42097359813056,2,OD000826
6075000010,2024-06-16,37.77175081420854,-122.40483740553651,0,OD000827
6075000012,2024-06-16,37.77879766229242,-122.4031264954132,4,OD000828
6075000002,2024-06-16,37.774844220375044,-122.41952303147431,3,OD000829
6075000006,2024-06-17,37.77776751482904,-122.40730195901243,0,OD000830
6075000011,2024-06-17,37.78319410726008,-122.4020311091829,0,OD000831
6075000013,2024-06-17,37.77826582268016,-122.40378303961732,0,OD000832
6075000001,2024-06-17,37.78391053711774,-122.41633381431544,0,OD000833
6075000014,2024-06-17,37.77176521369491,-122.40002828087107,5,OD000834
6075000038,2024-06-17,37.765688401983404,-122.40103446130793,4,OD000835
6075000046,2024-06-17,37.783706888112675,-122.42257440124641,1,OD000836
6075000005,2024-06-17,37.77023218969719,-122.41603876054718,2,OD000837
6075000016,2024-06-18,37.778057548838085,-122.40914418429614,0,OD000838
6075000009,2024-06-18,37.78255591722051,-122.40755558529452,0,OD000839
6075000011,2024-06-18,37.7833225943632,-122.39917416970687,1,OD000840
6075000038,2024-06-18,37.76810701358747,-122.40537491017672,1,OD000841
6075000019,2024-06-18,37.76683096721001,-122.42233418164896,3,OD000842
6075000005,2024-06-18,37.770640224249355,-122.42014284546609,4,OD000843
6075000043,2024-06-18,37.781467999877954,-122.39640779300755,1,OD000844
6075000012,2024-06-19,37.778128254563285,-122.40531544684359,0,OD000845
6075000046,2024-06-19,37.78097451565967,-122.42592328204562,0,OD000846
6075000012,2024-06-19,37.77884442006417,-122.40569029651857,1,OD000847
6075000011,2024-06-19,37.78564063167446,-122.40340224519,1,OD000848
6075000002,2024-06-19,37.77630254162621,-122.42290189705561,1,OD000849
6075000010,2024-06-20,37.77186339858831,-122.40757383326583,0,OD000850
6075000016,2024-06-20,37.77929777156126,-122.41066116251942,0,OD000851
6075000008,2024-06-20,37.785158937021215,-122.41917319805131,1,OD000852
6075000046,2024-06-20,37.78719026745471,-122.43248537151095,1,OD000853
6075000002,2024-06-20,37.77849950424337,-122.41551489554884,1,OD000854
6075000023,2024-06-20,37.754997429752535,-122.40261850839734,5,OD000855
6075000029,2024-06-21,37.72506459910042,-122.40032717479015,0,OD000856
6075000029,2024-06-21,37.72254598161174,-122.39961958363419,1,OD000857
6075000008,2024-06-21,37.78275017817395,-122.41737291057754,1,OD000858
6075000011,2024-06-22,37.78671420006068,-122.40358956646625,0,OD000859
6075000046,2024-06-22,37.78407199654558,-122.42833734447674,2,OD000860
6075000009,2024-06-22,37.781942076051344,-122.40581924303758,4,OD000861
6075000029,2024-06-22,37.72322825515465,-122.40371708846295,2,OD000862
6075000002,2024-06-23,37.771624243379456,-122.42414084509477,1,OD000863
6075000005,2024-06-23,37.76947851881989,-122.41297348355981,2,OD000864
6075000034,2024-06-23,37.794494874650354,-122.43776755728831,1,OD000865
6075000034,2024-06-24,37.800664723798945,-122.4499638898028,2,OD000866
6075000006,2024-06-25,37.77873541721732,-122.40932073188443,0,OD000867
6075000043,2024-06-25,37.78040202986788,-122.39873461810525,0,OD000868
6075000008,2024-06-25,37.78274455642859,-122.41911555916882,0,OD000869
6075000002,2024-06-25,37.77220341262122,-122.42610634311335,2,OD000870
6075000016,2024-06-25,37.77885974723122,-122.40731473774358,1,OD000871
6075000042,2024-06-26,37.790865231342785,-122.40621450016599,5,OD000872
6075000004,2024-06-27,37.789292912701676,-122.40885959260348,0,OD000873
6075000010,2024-06-27,37.77303026523303,-122.40382268035292,0,OD000874
6075000008,2024-06-27,37.78034210978491,-122.41932717065819,0,OD000875
6075000006,2024-06-27,37.77350960087614,-122.40491232687694,0,OD000876
6075000014,2024-06-27,37.7727062524681,-122.39907703397122,2,OD000877
6075000038,2024-06-27,37.76670284557577,-122.38541259066812,3,OD000878
6075000034,2024-06-27,37.7870128259639,-122.44463040825075,2,OD000879
6075000001,2024-06-27,37.788080855221374,-122.41897898096175,2,OD000880
6075000048,2024-06-28,37.76280503474036,-122.46891055001855,0,OD000881
6075000009,2024-06-28,37.78127816022667,-122.40726475449398,0,OD000882
6075000011,2024-06-28,37.782578692884506,-122.40138764771997,1,OD000883
6075000004,2024-06-28,37.7896138773855,-122.41278949300406,3,OD000884
6075000008,2024-06-29,37.78174231565318,-122.41866277054199,0,OD000885
6075000026,2024-06-29,37.73198132160195,-122.38284641703044,0,OD000886
6075000044,2024-06-29,37.796911607436066,-122.41311189600829,3,OD000887
6075000020,2024-06-29,37.76782596933247,-122.41077291159644,2,OD000888
6075000006,2024-06-29,37.77497446727241,-122.40819274114592,3,OD000889
6075000004,2024-06-29,37.79386799589613,-122.41146772253934,4,OD000890
6075000008,2024-06-29,37.78498038940481,-122.42292903244919,1,OD000891
6075000018,2024-06-30,37.75412350732935,-122.41115062824494,0,OD000892
6075000005,2024-06-30,37.77127339458329,-122.41392595654247,0,OD000893
6075000009,2024-06-30,37.7816582144605,-122.40718134226215,2,OD000894
6075000005,2024-07-01,37.77243763915828,-122.41275575753785,0,OD000895
6075000016,2024-07-01,37.77791994577139,-122.410110089662,1,OD000896
6075000002,2024-07-02,37.77711519632233,-122.41749604110724,0,OD000897
6075000006,2024-07-02,37.77519222203835,-122.40865866903586,0,OD000898
6075000036,2024-07-03,37.75748051497242,-122.43116462785451,0,OD000899
6075000011,2024-07-03,37.783043651654445,-122.39998122462463,4,OD000900
6075000012,2024-07-04,37.77875324718168,-122.40483441923953,0,OD000901
6075000030,2024-07-04,37.7341060683849,-122.39395990414285,0,OD000902
6075000008,2024-07-04,37.78215679009757,-122.4170231710551,1,OD000903
6075000012,2024-07-05,37.77785618147355,-122.4021956613416,0,OD000904
6075000008,2024-07-05,37.779795486828625,-122.41729662354419,0,OD000905
6075000014,2024-07-05,37.77408230248922,-122.40305994806307,2,OD000906
6075000011,2024-07-06,37.783291834832546,-122.40248287147291,0,OD000907
6075000002,2024-07-06,37.77136471552162,-122.42195768180424,2,OD000908
6075000046,2024-07-06,37.77622408913251,-122.42842651155641,1,OD000909
6075000011,2024-07-07,37.784433043696566,-122.40109965531302,0,OD000910
6075000041,2024-07-07,37.74261204742959,-122.40549112923432,0,OD000911
6075000012,2024-07-08,37.77678331552715,-122.40448239263695,0,OD000912
6075000004,2024-07-08,37.79034574860799,-122.40895655708847,0,OD000913
6075000015,2024-07-08,37.78561551019153,-122.39218142978223,0,OD000914
6075000004,2024-07-08,37.78906270493828,-122.40937877025995,0,OD000915
6075000035,2024-07-08,37.76167204554489,-122.42683279369737,1,OD000916
6075000042,2024-07-08,37.78916391813104,-122.40380639751587,1,OD000917
6075000016,2024-07-08,37.777805617804425,-122.40690562228987,1,OD000918
6075000007,2024-07-09,37.7823071143384,-122.41102464357657,0,OD000919
6075000011,2024-07-09,37.781354346351,-122.40323135476152,1,OD000920
6075000013,2024-07-10,37.7752538035609,-122.40404560062389,0,OD000921
6075000016,2024-07-10,37.7782656177385,-122.40935771986886,0,OD000922
6075000009,2024-07-10,37.779392429052635,-122.40761362127554,0,OD000923
6075000006,2024-07-10,37.7782255921314,-122.40573162386214,0,OD000924
6075000048,2024-07-10,37.77477291470742,-122.46843194295296,1,OD000925
6075000040,2024-07-11,37.73570391151591,-122.42060301053812,0,OD000926
6075000012,2024-07-11,37.78049561780619,-122.40253581636708,1,OD000927
6075000032,2024-07-11,37.73355052636645,-122.383652486761,1,OD000928
6075000001,2024-07-11,37.78323277674109,-122.41489457196289,1,OD000929
6075000019,2024-07-11,37.76112990123028,-122.42004870820597,1,OD000930
6075000048,2024-07-12,37.76502102569086,-122.46824957219252,0,OD000931
6075000008,2024-07-12,37.78428029159145,-122.42002771686236,0,OD000932
6075000011,2024-07-12,37.78310293056433,-122.40220537553029,0,OD000933
6075000044,2024-07-12,37.79696277998991,-122.4252977049302,1,OD000934
6075000048,2024-07-12,37.76042557219643,-122.47255332011149,1,OD000935
6075000003,2024-07-12,37.78718416076463,-122.40538498031064,2,OD000936
6075000008,2024-07-12,37.78326322722142,-122.41609176273732,2,OD000937
6075000016,2024-07-12,37.77717918547988,-122.41123522831958,1,OD000938
6075000048,2024-07-12,37.76015653986587,-122.46267662048955,2,OD000939
6075000012,2024-07-12,37.781006677656016,-122.40389767903473,2,OD000940
6075000008,2024-07-13,37.78390497692628,-122.42072831363974,0,OD000941
6075000036,2024-07-13,37.75829688285572,-122.43212752680036,0,OD000942
6075000046,2024-07-13,37.779127294038574,-122.4224541438871,0,OD000943
6075000033,2024-07-13,37.80212571037996,-122.40336607925225,3,OD000944
6075000045,2024-07-13,37.7619093290205,-122.43837964667274,1,OD000945
6075000021,2024-07-13,37.7578842383244,-122.41482487521226,2,OD000946
6075000044,2024-07-13,37.7972782371632,-122.41801439650868,3,OD000947
6075000044,2024-07-13,37.79330566539575,-122.42811967725842,2,OD000948
6075000006,2024-07-14,37.77707213656298,-122.40607097571181,0,OD000949
6075000015,2024-07-14,37.78565723060777,-122.39348652032953,0,OD000950
6075000013,2024-07-14,37.777278039199565,-122.40526031656698,1,OD000951
6075000043,2024-07-14,37.7772566993847,-122.39850047908692,3,OD000952
6075000048,2024-07-14,37.772760788478614,-122.47473279483883,1,OD000953
6075000015,2024-07-14,37.790845501548475,-122.38312725285527,1,OD000954
6075000004,2024-07-15,37.78757095680752,-122.40870588786467,0,OD000955
6075000004,2024-07-15,37.79016642028546,-122.40638938523414,0,OD000956
6075000016,2024-07-15,37.77697607416756,-122.4063339539994,0,OD000957
6075000048,2024-07-15,37.76265685372646,-122.48731524804077,2,OD000958
6075000044,2024-07-15,37.80174064053943,-122.43129589470524,2,OD000959
6075000003,2024-07-15,37.78563721392842,-122.40767688497402,2,OD000960
6075000031,2024-07-16,37.731220935025505,-122.38900162104078,0,OD000961
6075000044,2024-07-16,37.802374616492386,-122.4309068343446,3,OD000962
6075000011,2024-07-17,37.780726868707234,-122.40090410575235,0,OD000963
6075000006,2024-07-17,37.77458999658498,-122.40738860458846,3,OD000964
6075000009,2024-07-17,37.77964640068267,-122.4093483349913,1,OD000965
6075000008,2024-07-18,37.77940069365396,-122.4186420318485,0,OD000966
6075000002,2024-07-19,37.77651161017219,-122.42216405691885,0,OD000967
6075000026,2024-07-20,37.73544985297104,-122.38234371513482,0,OD000968
6075000001,2024-07-20,37.785192067348675,-122.41301436521586,2,OD000969
6075000009,2024-07-20,37.779601563789214,-122.40780691457714,2,OD000970
6075000044,2024-07-20,37.80153532678258,-122.41713163050987,1,OD000971
6075000010,2024-07-21,37.77342363808796,-122.40876206486477,0,OD000972
6075000016,2024-07-23,37.78085356749533,-122.40547666797323,0,OD000973
6075000010,2024-07-23,37.77359631906479,-122.40810140210417,0,OD000974
6075000030,2024-07-24,37.73370824449155,-122.39084628449174,0,OD000975
6075000019,2024-07-24,37.76639858437373,-122.41832966221114,0,OD000976
6075000012,2024-07-24,37.780648680212636,-122.40210041697196,0,OD000977
6075000022,2024-07-24,37.75545220814854,-122.41542405620571,1,OD000978
6075000035,2024-07-24,37.76392940164457,-122.42878207429156,2,OD000979
6075000012,2024-07-25,37.77778352767508,-122.40421006154739,0,OD000980
6075000021,2024-07-25,37.75591095280874,-122.41580005935552,0,OD000981
6075000042,2024-07-25,37.79422669416959,-122.40357697163196,1,OD000982
6075000005,2024-07-25,37.7719380870611,-122.42063189383431,3,OD000983
6075000019,2024-07-25,37.76586079434062,-122.4246276963454,4,OD000984
6075000029,2024-07-26,37.72803538982356,-122.40039578620484,0,OD000985
6075000014,2024-07-26,37.77310307439291,-122.40541805929735,0,OD000986
6075000006,2024-07-26,37.77470974297914,-122.4064675103762,0,OD000987
6075000029,2024-07-26,37.72365549065411,-122.39494938829337,1,OD000988
6075000048,2024-07-26,37.7775666609162,-122.47075427458948,2,OD000989
6075000035,2024-07-26,37.765944922579195,-122.42873702186444,1,OD000990
6075000035,2024-07-26,37.76650574978263,-122.434213677675,2,OD000991
6075000014,2024-07-26,37.77384408723298,-122.39801483101702,1,OD000992
6075000048,2024-07-27,37.76476733020927,-122.47002862580905,0,OD000993
6075000048,2024-07-27,37.76439916324721,-122.47908723475227,1,OD000994
6075000048,2024-07-27,37.77427027994104,-122.45258268522676,3,OD000995
6075000011,2024-07-27,37.78498912556109,-122.4056707434603,2,OD000996
6075000048,2024-07-27,37.77112578985487,-122.4531589835642,4,OD000997
6075000008,2024-07-28,37.78105011625082,-122.41770294690662,0,OD000998
6075000032,2024-07-29,37.731881665965,-122.38491528164184,0,OD000999
6075000010,2024-07-29,37.774623556227105,-122.41022157722468,0,OD001000
6075000048,2024-07-29,37.760602645368294,-122.47221517472362,1,OD001001
6075000010,2024-07-30,37.77307503456279,-122.40457048628892,0,OD001002
6075000029,2024-07-30,37.72344961537669,-122.40123275531693,1,OD001003
6075000012,2024-07-31,37.779734423588096,-122.40346974468653,0,OD001004
6075000003,2024-07-31,37.78675722930277,-122.40784687367568,1,OD001005
6075000034,2024-07-31,37.78497797403343,-122.45484898790905,4,OD001006
6075000029,2024-07-31,37.72164255534179,-122.398506557287,2,OD001007
6075000014,2024-08-01,37.77200311902457,-122.40453891731333,0,OD001008
6075000002,2024-08-01,37.775899884238946,-122.41922261131145,0,OD001009
6075000020,2024-08-01,37.76858599645686,-122.41014258669207,1,OD001010
6075000048,2024-08-01,37.77754024568106,-122.45224518066068,5,OD001011
6075000038,2024-08-01,37.76219601222736,-122.39440332258233,1,OD001012
6075000009,2024-08-01,37.78005634069278,-122.40957373179977,2,OD001013
6075000002,2024-08-01,37.77888221250295,-122.41964736653168,1,OD001014
6075000011,2024-08-02,37.78498593866761,-122.40342633175888,0,OD001015
6075000032,2024-08-02,37.72942187058248,-122.38283108673586,2,OD001016
6075000004,2024-08-03,37.79421788559135,-122.4096655812493,2,OD001017
6075000046,2024-08-03,37.779336719421146,-122.42287360756922,2,OD001018
6075000025,2024-08-03,37.75538672033703,-122.38709134009662,2,OD001019
6075000006,2024-08-04,37.776855854556615,-122.4064771254743,0,OD001020
6075000009,2024-08-04,37.78336530735642,-122.41114354335208,0,OD001021
6075000012,2024-08-04,37.777006783838594,-122.40334265974984,0,OD001022
6075000008,2024-08-04,37.77909780794303,-122.41826115710268,0,OD001023
6075000042,2024-08-04,37.79241341648688,-122.40702492865536,3,OD001024
6075000048,2024-08-04,37.765484610412514,-122.45832923808837,4,OD001025
6075000046,2024-08-04,37.777734594292816,-122.42913443227803,3,OD001026
6075000048,2024-08-04,37.782093108776486,-122.46117494907101,5,OD001027
6075000007,2024-08-04,37.78327610232319,-122.41126576757652,1,OD001028
6075000042,2024-08-05,37.790871030236026,-122.40579055611038,0,OD001029
6075000046,2024-08-05,37.77897716509784,-122.42919947070703,1,OD001030
6075000024,2024-08-05,37.764478475565475,-122.41096084126677,2,OD001031
6075000016,2024-08-05,37.7779341673452,-122.40718021789048,1,OD001032
6075000042,2024-08-05,37.795466284049894,-122.40880373598267,1,OD001033
6075000038,2024-08-05,37.76849422735578,-122.40109395759517,3,OD001034
6075000001,2024-08-06,37.787084039514475,-122.41811312991202,1,OD001035
6075000001,2024-08-06,37.789719467629894,-122.42123377677738,2,OD001036
6075000046,2024-08-06,37.775590934005656,-122.42781188725917,2,OD001037
6075000010,2024-08-06,37.769611489425216,-122.40640430420495,1,OD001038
6075000033,2024-08-06,37.805930362083096,-122.40251706764872,3,OD001039
6075000021,2024-08-07,37.7597254665894,-122.41425947413511,1,OD001040
6075000009,2024-08-07,37.78313850466563,-122.40606293127301,1,OD001041
6075000035,2024-08-07,37.76860890493662,-122.43048667210994,2,OD001042
6075000016,2024-08-08,37.77940233644044,-122.40608787670601,0,OD001043
6075000016,2024-08-08,37.78050228851013,-122.40918092050549,0,OD001044
6075000019,2024-08-08,37.76502325282612,-122.41621679705344,0,OD001045
6075000002,2024-08-08,37.77100201622986,-122.4253667009197,3,OD001046
6075000008,2024-08-09,37.78156416281458,-122.4223873773343,0,OD001047
6075000020,2024-08-09,37.76817526710615,-122.41415838872273,0,OD001048
6075000038,2024-08-09,37.768456635526306,-122.40492625653813,0,OD001049
6075000009,2024-08-09,37.77939289559552,-122.40751097781317,0,OD001050
6075000019,2024-08-09,37.75801615829889,-122.42343514390959,1,OD001051
6075000009,2024-08-09,37.780795884896534,-122.41335698560178,1,OD001052
6075000035,2024-08-09,37.76606299274398,-122.42924494918448,2,OD001053
6075000030,2024-08-10,37.73624420054262,-122.39088757522015,0,OD001054
6075000013,2024-08-10,37.77682795215801,-122.40319884686875,0,OD001055
6075000013,2024-08-10,37.77711130932547,-122.40492505046686,1,OD001056
6075000036,2024-08-10,37.759989045511055,-122.42825373424218,2,OD001057
6075000014,2024-08-10,37.77228183382912,-122.39349891196119,1,OD001058
6075000038,2024-08-10,37.76885706205627,-122.40678746134233,1,OD001059
6075000004,2024-08-11,37.7934639030788,-122.40780806797731,0,OD001060
6075000026,2024-08-11,37.73569876120785,-122.37921466166534,0,OD001061
6075000038,2024-08-11,37.76650832872528,-122.4040761494392,2,OD001062
6075000019,2024-08-11,37.76729891921301,-122.42448608046607,2,OD001063
6075000014,2024-08-12,37.77545981596952,-122.403866076192,0,OD001064
6075000013,2024-08-12,37.77889352205129,-122.39965511080644,0,OD001065
6075000013,2024-08-12,37.77638191758729,-122.4034558925322,0,OD001066
6075000035,2024-08-12,37.76539638216758,-122.43202297011251,0,OD001067
6075000018,2024-08-12,37.75631695700464,-122.41057140068425,0,OD001068
6075000035,2024-08-12,37.7717597807593,-122.441738878206,1,OD001069
6075000031,2024-08-12,37.73523161507135,-122.38818763104774,1,OD001070
6075000033,2024-08-13,37.804010527036255,-122.39900068734077,4,OD001071
6075000008,2024-08-14,37.78348843413909,-122.41867848329902,0,OD001072
6075000012,2024-08-14,37.78020421754334,-122.40421327070953,0,OD001073
6075000014,2024-08-14,37.775550641402056,-122.3989861535983,1,OD001074
6075000016,2024-08-15,37.77722205837803,-122.40867236835628,0,OD001075
6075000014,2024-08-15,37.771751486070606,-122.39856806665846,1,OD001076
6075000012,2024-08-15,37.77772176669056,-122.40487067631692,1,OD001077
6075000038,2024-08-15,37.766128540825754,-122.39553066919463,2,OD001078
6075000043,2024-08-16,37.779172892223826,-122.39486165812994,0,OD001079
6075000014,2024-08-16,37.77305325913904,-122.40433338027924,2,OD001080
6075000003,2024-08-17,37.78815064837213,-122.40894701318499,0,OD001081
6075000012,2024-08-17,37.778706544700114,-122.40441206564833,0,OD001082
6075000032,2024-08-17,37.71824253289792,-122.38469165706519,2,OD001083
6075000031,2024-08-17,37.729135179464265,-122.3895101770129,3,OD001084
6075000024,2024-08-18,37.76251075424434,-122.41305243040568,0,OD001085
6075000004,2024-08-18,37.78825756962671,-122.41104394714499,0,OD001086
6075000002,2024-08-18,37.77801278780301,-122.415054771912,0,OD001087
6075000038,2024-08-18,37.76809107628105,-122.39746142186668,3,OD001088
6075000032,2024-08-18,37.71958197826682,-122.38145833364403,3,OD001089
6075000023,2024-08-18,37.75636219886566,-122.3989491840214,4,OD001090
6075000041,2024-08-18,37.745778407188226,-122.40787652959342,5,OD001091
6075000012,2024-08-19,37.776121694538155,-122.40587842427577,0,OD001092
6075000022,2024-08-19,37.752648507970896,-122.41359091404273,0,OD001093
6075000006,2024-08-19,37.776885211273424,-122.407457402919,0,OD001094
6075000009,2024-08-19,37.78000759382781,-122.40726886756215,0,OD001095
6075000009,2024-08-19,37.77954123593969,-122.4070721740389,0,OD001096
6075000001,2024-08-19,37.78264000066491,-122.41425204932187,1,OD001097
6075000023,2024-08-19,37.75523712200313,-122.39644759683136,4,OD001098
6075000009,2024-08-19,37.783180015023795,-122.4075133960037,1,OD001099
6075000014,2024-08-20,37.773673987811044,-122.40169367261586,0,OD001100
6075000010,2024-08-20,37.77326597086785,-122.40702814032076,0,OD001101
6075000005,2024-08-20,37.77021095720908,-122.41298072101546,0,OD001102
6075000006,2024-08-20,37.77571573645415,-122.40750930929316,0,OD001103
6075000046,2024-08-20,37.780494424845905,-122.42028667376611,1,OD001104
6075000004,2024-08-21,37.788499692382416,-122.40744447195763,0,OD001105
6075000011,2024-08-21,37.78624443211591,-122.40269356269891,0,OD001106
6075000012,2024-08-21,37.77752559594961,-122.40228380983972,0,OD001107
6075000003,2024-08-22,37.788128755900736,-122.40905086981198,0,OD001108
6075000013,2024-08-22,37.778117234477335,-122.40041918244742,1,OD001109
6075000024,2024-08-23,37.76239690373334,-122.41163611298828,0,OD001110
6075000004,2024-08-24,37.79055553158161,-122.40693651859392,0,OD001111
6075000005,2024-08-24,37.77132706516055,-122.41352657689207,0,OD001112
6075000014,2024-08-24,37.77168220788229,-122.40235074806719,2,OD001113
6075000023,2024-08-25,37.755046460127026,-122.40660200423629,0,OD001114
6075000010,2024-08-25,37.77427645126567,-122.40660774199917,0,OD001115
6075000024,2024-08-25,37.76271389622697,-122.41508326502809,1,OD001116
6075000006,2024-08-26,37.77392248621245,-122.40803855481471,0,OD001117
6075000042,2024-08-27,37.79245253982591,-122.40234078009603,0,OD001118
6075000041,2024-08-27,37.74251496024574,-122.40886561578301,6,OD001119
6075000017,2024-08-27,37.75767644791184,-122.40729637043333,1,OD001120
6075000010,2024-08-28,37.770145550669774,-122.4082712490977,0,OD001121
6075000006,2024-08-28,37.77555959938041,-122.40868960977598,0,OD001122
6075000027,2024-08-28,37.73949034303356,-122.39360661564028,0,OD001123
6075000001,2024-08-28,37.784781623871005,-122.41734162645542,1,OD001124
6075000044,2024-08-28,37.793928585889134,-122.41837353140113,2,OD001125
6075000005,2024-08-28,37.77399960522575,-122.4144438911901,1,OD001126
6075000003,2024-08-29,37.787932982217896,-122.4107543436253,0,OD001127
6075000023,2024-08-29,37.753334333506494,-122.41120280530068,0,OD001128
6075000004,2024-08-29,37.79141834713891,-122.41275936637345,1,OD001129
6075000016,2024-08-30,37.77687300535824,-122.40918406153911,0,OD001130
6075000005,2024-08-30,37.769805458119485,-122.41396584917392,1,OD001131
6075000023,2024-08-30,37.75480964447217,-122.40132746459543,1,OD001132
6075000008,2024-08-31,37.78417917219883,-122.41639394322635,0,OD001133
6075000015,2024-08-31,37.78552317257026,-122.39343181472262,0,OD001134
6075000038,2024-08-31,37.76898405871779,-122.40212560749492,1,OD001135
6075000003,2024-08-31,37.78893491862969,-122.40433093451891,1,OD001136
6075000015,2024-08-31,37.792320195375176,-122.3791649593537,1,OD001137
6075000012,2024-09-01,37.778665483434125,-122.40139875279849,0,OD001138
6075000006,2024-09-01,37.77738745693821,-122.40732879181488,0,OD001139
6075000026,2024-09-01,37.73702793285664,-122.38157277989372,0,OD001140
6075000028,2024-09-01,37.739727674867446,-122.3834742595461,0,OD001141
6075000017,2024-09-01,37.758974098186115,-122.40019017230912,1,OD001142
6075000012,2024-09-03,37.779016276874756,-122.40071413176432,0,OD001143
6075000009,2024-09-03,37.78301281501255,-122.40674972208396,0,OD001144
6075000028,2024-09-03,37.73804426285183,-122.38355439594046,1,OD001145
6075000012,2024-09-04,37.776846471341806,-122.40449972807617,0,OD001146
6075000025,2024-09-04,37.74247858027924,-122.39106722111325,0,OD001147
6075000025,2024-09-04,37.74202584562037,-122.39289982149785,1,OD001148
6075000026,2024-09-04,37.729429228921155,-122.36750675289206,1,OD001149
6075000014,2024-09-06,37.7763251518153,-122.40256464999429,0,OD001150
6075000028,2024-09-06,37.74970471910103,-122.38627624736117,2,OD001151
6075000011,2024-09-07,37.78351216444447,-122.40242637706613,0,OD001152
6075000008,2024-09-08,37.781837963515926,-122.41554122173673,0,OD001153
6075000003,2024-09-08,37.78734635584424,-122.40917078676107,0,OD001154
6075000014,2024-09-08,37.775493685256194,-122.40180479909094,0,OD001155
6075000006,2024-09-08,37.77510671420525,-122.41095667546493,1,OD001156
6075000020,2024-09-08,37.76909752668772,-122.41126622536824,2,OD001157
6075000033,2024-09-08,37.79935631377839,-122.39894233653317,1,OD001158
6075000016,2024-09-08,37.7771689467762,-122.4075027142871,2,OD001159
6075000004,2024-09-09,37.78931143801047,-122.40822927061565,0,OD001160
6075000014,2024-09-09,37.77544192669588,-122.40429005961727,0,OD001161
6075000012,2024-09-09,37.77899441793817,-122.40212649573722,0,OD001162
6075000026,2024-09-09,37.73565428533711,-122.37400623699126,1,OD001163
6075000038,2024-09-09,37.76577106962659,-122.4010470768651,1,OD001164
6075000001,2024-09-10,37.787003574545295,-122.41279745927537,0,OD001165
6075000006,2024-09-10,37.774292554808646,-122.40785049512954,0,OD001166
6075000033,2024-09-10,37.80071317742174,-122.4011831573806,1,OD001167
6075000025,2024-09-10,37.74046268908601,-122.39442905527922,3,OD001168
6075000010,2024-09-10,37.77304514273853,-122.4098029548959,1,OD001169
6075000015,2024-09-11,37.78409175685333,-122.39293628021917,0,OD001170
6075000026,2024-09-11,37.73336975548535,-122.36638167677792,2,OD001171
6075000019,2024-09-11,37.76050033266183,-122.42240385511063,1,OD001172
6075000042,2024-09-11,37.79402465403273,-122.39696963858131,1,OD001173
6075000005,2024-09-12,37.76959571791896,-122.41536231945537,0,OD001174
6075000019,2024-09-12,37.76445602267879,-122.41870706588959,2,OD001175
6075000023,2024-09-12,37.754179416756735,-122.39771444216062,2,OD001176
6075000020,2024-09-12,37.765447011546904,-122.41625623623726,2,OD001177
6075000035,2024-09-12,37.76093593461318,-122.42665607155189,3,OD001178
6075000022,2024-09-13,37.75120044318784,-122.41552070682354,3,OD001179
6075000015,2024-09-15,37.78614364723994,-122.39240419748693,0,OD001180
6075000006,2024-09-15,37.77727247364793,-122.40874550419738,0,OD001181
6075000040,2024-09-15,37.73466030516739,-122.4184341975188,0,OD001182
6075000006,2024-09-16,37.77533224132128,-122.4078189373455,0,OD001183
6075000007,2024-09-16,37.78617569208482,-122.41034337601744,1,OD001184
6075000010,2024-09-17,37.771906714313026,-122.40743191118327,0,OD001185
6075000014,2024-09-17,37.77628715461537,-122.40274975580294,0,OD001186
6075000002,2024-09-17,37.775328323090335,-122.41670234544965,1,OD001187
6075000012,2024-09-18,37.775349829929425,-122.40347200416043,0,OD001188
6075000015,2024-09-18,37.789776842481174,-122.38408342562708,1,OD001189
6075000042,2024-09-18,37.791078080743745,-122.39888462018466,1,OD001190
6075000002,2024-09-19,37.77646359762347,-122.42183104532539,0,OD001191
6075000032,2024-09-19,37.73317085602762,-122.38330928425289,0,OD001192
6075000018,2024-09-19,37.75647340075163,-122.41090079058904,0,OD001193
6075000020,2024-09-19,37.76824702414436,-122.41212969637681,1,OD001194
6075000038,2024-09-19,37.77070894342931,-122.39742389096114,1,OD001195
6075000014,2024-09-20,37.77364564417375,-122.40142533835414,0,OD001196
6075000015,2024-09-20,37.78640879144683,-122.39322797392389,0,OD001197
6075000015,2024-09-20,37.79491848124062,-122.38010301449268,1,OD001198
6075000007,2024-09-21,37.784683681284264,-122.41106562689794,0,OD001199
6075000009,2024-09-21,37.780945578818496,-122.4073436929573,0,OD001200
6075000015,2024-09-21,37.79390360548934,-122.37634215313548,2,OD001201
6075000020,2024-09-21,37.768878288760625,-122.41671321053312,2,OD001202
6075000015,2024-09-22,37.78650404964694,-122.39444119356017,0,OD001203
6075000010,2024-09-22,37.7711448257313,-122.40993331407736,1,OD001204
6075000025,2024-09-22,37.75221957883866,-122.38691906477973,1,OD001205
6075000016,2024-09-22,37.776589318896505,-122.41071752946593,2,OD001206
6075000025,2024-09-22,37.75605778231151,-122.38758460905258,2,OD001207
6075000043,2024-09-23,37.77869911495463,-122.39606519174575,0,OD001208
6075000004,2024-09-23,37.79051397026718,-122.4088033452579,0,OD001209
6075000015,2024-09-23,37.78486633405779,-122.38948902563719,0,OD001210
6075000003,2024-09-23,37.787560488364825,-122.40484495560266,1,OD001211
6075000008,2024-09-23,37.782896226545,-122.41886682228161,1,OD001212
6075000012,2024-09-24,37.775730199027514,-122.40260625064856,0,OD001213
6075000043,2024-09-24,37.78233227129188,-122.39312676729577,0,OD001214
6075000029,2024-09-24,37.727801592106815,-122.39722229773169,0,OD001215
6075000017,2024-09-24,37.75756395404709,-122.41256995975603,3,OD001216
6075000011,2024-09-25,37.784079460690315,-122.40150901201784,0,OD001217
6075000012,2024-09-25,37.77864077541232,-122.40447118759572,0,OD001218
6075000048,2024-09-25,37.765733254482285,-122.46838091523333,0,OD001219
6075000007,2024-09-25,37.78548850677893,-122.41145135488378,0,OD001220
6075000031,2024-09-25,37.73319355430636,-122.38646973428658,0,OD001221
6075000002,2024-09-25,37.77756627340151,-122.41723416972366,0,OD001222
6075000016,2024-09-25,37.77870327517879,-122.40662954254503,0,OD001223
6075000015,2024-09-25,37.79572330780107,-122.36616321762735,3,OD001224
6075000021,2024-09-25,37.75868505510785,-122.41731552206029,4,OD001225
6075000023,2024-09-25,37.752413031181305,-122.40657221936745,5,OD001226
6075000005,2024-09-26,37.771902810731,-122.41184966392369,0,OD001227
6075000042,2024-09-26,37.79411772801006,-122.40087937203506,1,OD001228
6075000042,2024-09-26,37.79197253713809,-122.3974006436401,2,OD001229
6075000015,2024-09-26,37.793225773925535,-122.37938095047338,3,OD001230
6075000015,2024-09-26,37.801180126840705,-122.36323821142813,4,OD001231
6075000015,2024-09-26,37.7940576112425,-122.36708189751586,5,OD001232
6075000011,2024-09-27,37.78363795024887,-122.40507439387167,0,OD001233
6075000009,2024-09-27,37.778228442927045,-122.40757571440855,0,OD001234
6075000032,2024-09-27,37.730750765136925,-122.38383788471172,0,OD001235
6075000015,2024-09-27,37.78586964472714,-122.39482165038189,0,OD001236
6075000015,2024-09-27,37.78974800537699,-122.38902805218476,1,OD001237
6075000007,2024-09-27,37.78520333000695,-122.40952016637809,2,OD001238
6075000038,2024-09-27,37.76616239218195,-122.40731591170844,1,OD001239
6075000038,2024-09-27,37.768993564113295,-122.40172767206671,1,OD001240
6075000006,2024-09-28,37.77571289562005,-122.4061906391356,0,OD001241
6075000016,2024-09-28,37.7776046118744,-122.40812689002522,0,OD001242
6075000007,2024-09-28,37.78302440440386,-122.40943813698965,0,OD001243
6075000016,2024-09-28,37.77829422788609,-122.40908856091605,0,OD001244
6075000028,2024-09-28,37.74939651096763,-122.37469757995899,1,OD001245
6075000015,2024-09-28,37.788713273955196,-122.38471081144445,2,OD001246
6075000015,2024-09-28,37.78987958972435,-122.39292324552817,3,OD001247
6075000042,2024-09-28,37.79193529928446,-122.40310025662663,4,OD001248
6075000023,2024-09-28,37.75745936267034,-122.40302226288024,2,OD001249
6075000040,2024-09-29,37.73391586664436,-122.419083793731,0,OD001250
6075000012,2024-09-29,37.77946298409851,-122.40591706434084,0,OD001251
6075000005,2024-09-29,37.771634136248835,-122.41282628535363,0,OD001252
6075000009,2024-09-29,37.78087387196721,-122.4099694874982,1,OD001253
6075000004,2024-09-29,37.7899622190073,-122.40762434565599,5,OD001254
6075000011,2024-09-29,37.783991221436374,-122.40346842949215,2,OD001255
6075000036,2024-09-30,37.75692494454654,-122.43044558048629,0,OD001256
6075000006,2024-09-30,37.77557893206102,-122.40737069197367,0,OD001257
6075000016,2024-09-30,37.77880579325655,-122.4049416647878,0,OD001258
6075000005,2024-10-01,37.771792017481,-122.4147528370077,0,OD001259
6075000026,2024-10-01,37.7359304400296,-122.37896486616928,1,OD001260
6075000002,2024-10-01,37.77851261003744,-122.41376337060672,1,OD001261
6075000005,2024-10-01,37.77028034696685,-122.41390479761714,1,OD001262
6075000010,2024-10-01,37.76995337792196,-122.40945190511223,1,OD001263
6075000005,2024-10-01,37.77503293967696,-122.41174629180493,1,OD001264
6075000004,2024-10-02,37.791772314692466,-122.41309404492527,0,OD001265
6075000001,2024-10-02,37.784346709201294,-122.41247392939619,0,OD001266
6075000002,2024-10-02,37.776139278518365,-122.41891045719399,0,OD001267
6075000013,2024-10-02,37.776413323173614,-122.4015829833525,1,OD001268
6075000015,2024-10-02,37.78811241587459,-122.39233424118297,4,OD001269
6075000005,2024-10-02,37.770909805688305,-122.41565905030293,2,OD001270
6075000014,2024-10-03,37.77380053669056,-122.40356474250962,0,OD001271
6075000048,2024-10-03,37.76474672025616,-122.47094704329712,0,OD001272
6075000015,2024-10-03,37.78922632512855,-122.38463616946908,5,OD001273
6075000009,2024-10-03,37.78200782197147,-122.40739862596624,1,OD001274
6075000016,2024-10-03,37.77628661494728,-122.41170805457588,1,OD001275
6075000038,2024-10-03,37.76450076161544,-122.39983628810238,1,OD001276
6075000048,2024-10-04,37.76322741232017,-122.46827763770385,0,OD001277
6075000016,2024-10-04,37.777973315275446,-122.40665775867974,0,OD001278
6075000020,2024-10-04,37.76596974285485,-122.4125783693913,0,OD001279
6075000003,2024-10-04,37.788058083988936,-122.40475056578974,2,OD001280
6075000006,2024-10-05,37.776246832809186,-122.40354681237838,0,OD001281
6075000016,2024-10-05,37.778279499347576,-122.40566474808087,0,OD001282
6075000013,2024-10-05,37.77608253017835,-122.39955122163406,2,OD001283
6075000048,2024-10-05,37.753080910618415,-122.46638027469533,1,OD001284
6075000016,2024-10-06,37.78083349409119,-122.4086064771162,0,OD001285
6075000012,2024-10-06,37.77668302291586,-122.40331570672852,0,OD001286
6075000001,2024-10-06,37.78653260264525,-122.41470317132323,0,OD001287
6075000003,2024-10-06,37.78847123099213,-122.41030763508974,0,OD001288
6075000004,2024-10-06,37.79159822747498,-122.40669723633872,0,OD001289
6075000010,2024-10-06,37.771711308414,-122.40831064647527,2,OD001290
6075000015,2024-10-06,37.80222231031444,-122.35345010499319,5,OD001291
6075000001,2024-10-06,37.78627857797348,-122.41193992303177,1,OD001292
6075000008,2024-10-06,37.78063403770824,-122.41597989293555,3,OD001293
6075000048,2024-10-06,37.75896964834928,-122.47412064608272,2,OD001294
6075000012,2024-10-07,37.77634157479217,-122.40352401958664,0,OD001295
6075000011,2024-10-07,37.78534887556507,-122.40334000205281,0,OD001296
6075000011,2024-10-07,37.785849501482204,-122.40361681861084,1,OD001297
6075000028,2024-10-07,37.746193934897605,-122.38271084686393,2,OD001298
6075000011,2024-10-08,37.78309756998128,-122.40058202010589,1,OD001299
6075000048,2024-10-08,37.75796412366709,-122.47258247320562,3,OD001300
6075000043,2024-10-08,37.77299287702469,-122.39134195199448,1,OD001301
6075000015,2024-10-08,37.78720437363368,-122.39509843217705,1,OD001302
6075000008,2024-10-08,37.78548606189407,-122.42261402318103,2,OD001303
6075000011,2024-10-08,37.78264162253781,-122.40298962757124,1,OD001304
6075000024,2024-10-09,37.76503382535795,-122.41374589970256,0,OD001305
6075000024,2024-10-09,37.76163670595407,-122.41448980074505,0,OD001306
6075000005,2024-10-09,37.77092892814545,-122.41422727732566,1,OD001307
6075000011,2024-10-09,37.78456834090902,-122.40399164826698,2,OD001308
6075000004,2024-10-10,37.78809751346305,-122.40781926139873,0,OD001309
6075000013,2024-10-10,37.77762746276305,-122.40543328782965,0,OD001310
6075000003,2024-10-10,37.789337801277014,-122.40588008909488,2,OD001311
6075000020,2024-10-10,37.76860259694277,-122.41735098569583,1,OD001312
6075000005,2024-10-10,37.770762100500555,-122.41714821157969,1,OD001313
6075000011,2024-10-10,37.78611481528645,-122.40267758724147,1,OD001314
6075000024,2024-10-10,37.76142637403324,-122.41159674050725,2,OD001315
6075000005,2024-10-11,37.77036054610215,-122.41084795756937,0,OD001316
6075000038,2024-10-11,37.771290013959806,-122.40234064931292,2,OD001317
6075000003,2024-10-12,37.787553743909726,-122.41049308953876,0,OD001318
6075000014,2024-10-12,37.7747394885595,-122.40438521602839,0,OD001319
6075000024,2024-10-12,37.76308028674081,-122.41318351383175,0,OD001320
6075000015,2024-10-12,37.783134917967544,-122.38610675817417,2,OD001321
6075000010,2024-10-12,37.77162762085811,-122.40447512663629,2,OD001322
6075000014,2024-10-12,37.7721677682057,-122.39962604232231,1,OD001323
6075000007,2024-10-13,37.784130950618454,-122.40829038189597,0,OD001324
6075000012,2024-10-13,37.77600788741728,-122.40192004130157,0,OD001325
6075000006,2024-10-13,37.77482137545687,-122.40871672176698,1,OD001326
6075000014,2024-10-13,37.77461833169206,-122.40204694821817,1,OD001327
6075000014,2024-10-13,37.774769090618875,-122.39865729576029,1,OD001328
6075000023,2024-10-13,37.755557731135916,-122.40724100322821,1,OD001329
6075000043,2024-10-13,37.774602360927695,-122.39076015310516,2,OD001330
6075000012,2024-10-14,37.77888225095899,-122.40562439595247,0,OD001331
6075000024,2024-10-14,37.76192925390105,-122.41435975884798,0,OD001332
6075000018,2024-10-14,37.75267696183638,-122.41158745127964,0,OD001333
6075000015,2024-10-14,37.782837826266096,-122.39148137886768,2,OD001334
6075000010,2024-10-14,37.77381371126642,-122.40877273726099,3,OD001335
6075000015,2024-10-14,37.78124823892243,-122.38826592996197,3,OD001336
6075000008,2024-10-14,37.78703591821236,-122.42343244910597,1,OD001337
6075000038,2024-10-14,37.771155577824445,-122.39744117204131,4,OD001338
6075000004,2024-10-15,37.787430705788545,-122.40728668964182,0,OD001339
6075000002,2024-10-15,37.7776285659253,-122.4203414145578,0,OD001340
6075000009,2024-10-15,37.779168477521814,-122.41119331615275,1,OD001341
6075000046,2024-10-15,37.783495431153696,-122.42359663266062,3,OD001342
6075000014,2024-10-16,37.776588898145285,-122.40249733048739,0,OD001343
6075000014,2024-10-16,37.77158012657023,-122.40083950829425,0,OD001344
6075000009,2024-10-16,37.77999317067302,-122.40803853184825,2,OD001345
6075000009,2024-10-16,37.78183447043328,-122.40851307845422,1,OD001346
6075000033,2024-10-16,37.797716987489856,-122.39094542055373,3,OD001347
6075000011,2024-10-17,37.783256480080205,-122.40529695983676,0,OD001348
6075000016,2024-10-17,37.777642776448616,-122.40978913866219,0,OD001349
6075000036,2024-10-17,37.75763321652375,-122.42972151875895,0,OD001350
6075000005,2024-10-17,37.77222678561127,-122.41365501626782,4,OD001351
6075000043,2024-10-18,37.77865040021769,-122.39584501774395,0,OD001352
6075000004,2024-10-18,37.78845705134853,-122.40891813119224,0,OD001353
6075000006,2024-10-18,37.77678185152507,-122.40535968359008,0,OD001354
6075000033,2024-10-18,37.808045477079624,-122.3828345800664,4,OD001355
6075000044,2024-10-18,37.79884025715805,-122.41520942625714,1,OD001356
6075000010,2024-10-18,37.77374211882379,-122.40658803935825,1,OD001357
6075000043,2024-10-18,37.78165284100521,-122.39660314562248,1,OD001358
6075000005,2024-10-18,37.77135820469659,-122.41714813773262,2,OD001359
6075000009,2024-10-19,37.781344834376775,-122.40921934418887,0,OD001360
6075000006,2024-10-19,37.776943539922016,-122.40592154012462,0,OD001361
6075000024,2024-10-19,37.7636000420493,-122.41608835580939,3,OD001362
6075000038,2024-10-19,37.77033921689928,-122.39355255167825,1,OD001363
6075000048,2024-10-20,37.76412573556455,-122.46775696825166,0,OD001364
6075000009,2024-10-20,37.780049816235895,-122.41276302785566,1,OD001365
6075000033,2024-10-20,37.809768187212335,-122.40158960334655,2,OD001366
6075000004,2024-10-21,37.78937774911446,-122.40774959535446,0,OD001367
6075000010,2024-10-21,37.775930413645405,-122.40507419763982,0,OD001368
6075000011,2024-10-21,37.78342447563561,-122.39995656065989,0,OD001369
6075000001,2024-10-21,37.786458389582805,-122.41087243052951,0,OD001370
6075000038,2024-10-21,37.7660220213579,-122.3891149578034,1,OD001371
6075000007,2024-10-21,37.786132544068415,-122.41049430599104,1,OD001372
6075000042,2024-10-21,37.79086539041797,-122.4000691223479,1,OD001373
6075000033,2024-10-21,37.80328259178766,-122.41213416822416,2,OD001374
6075000038,2024-10-21,37.7671764739665,-122.38778179814165,2,OD001375
6075000033,2024-10-21,37.81245605156139,-122.39879498727427,3,OD001376
6075000043,2024-10-21,37.78221800510213,-122.39800550268643,1,OD001377
6075000042,2024-10-22,37.79000532725349,-122.40314597757046,2,OD001378
6075000043,2024-10-22,37.77509011933266,-122.38379310756956,2,OD001379
6075000012,2024-10-22,37.77863762037312,-122.40477587365247,1,OD001380
6075000005,2024-10-23,37.770157225626356,-122.4118315167132,0,OD001381
6075000022,2024-10-23,37.754982321708766,-122.41095632083108,0,OD001382
6075000009,2024-10-23,37.78095963826342,-122.40883838473437,0,OD001383
6075000047,2024-10-23,37.79645805383752,-122.47547415484763,0,OD001384
6075000009,2024-10-23,37.7826944352594,-122.40814699365092,1,OD001385
6075000033,2024-10-23,37.81945361786912,-122.39864845675488,4,OD001386
6075000047,2024-10-24,37.78145326881593,-122.47445159792919,1,OD001387
6075000007,2024-10-26,37.785295763332634,-122.40980104175642,0,OD001388
6075000044,2024-10-26,37.796025751351046,-122.41457925565749,1,OD001389
6075000042,2024-10-26,37.79112916492922,-122.40327952260569,2,OD001390
6075000016,2024-10-27,37.775970095810614,-122.40825820597905,0,OD001391
6075000010,2024-10-28,37.77045457637879,-122.41031326761973,0,OD001392
6075000032,2024-10-28,37.73200468282622,-122.38521347430748,0,OD001393
6075000006,2024-10-29,37.777106311378326,-122.40641244915604,0,OD001394
6075000011,2024-10-29,37.78380262371352,-122.40338258650492,0,OD001395
6075000008,2024-10-29,37.780295576970744,-122.41781091731794,1,OD001396
6075000002,2024-10-29,37.77250724848757,-122.42143361290921,1,OD001397
6075000016,2024-10-30,37.77654736976829,-122.40769181796993,0,OD001398
6075000029,2024-10-30,37.723888378774944,-122.4001009097452,0,OD001399
6075000033,2024-10-30,37.799013397471626,-122.40397889419123,4,OD001400
6075000031,2024-10-31,37.731855280729015,-122.389323850466,0,OD001401
6075000011,2024-10-31,37.782475882323176,-122.40087941326343,1,OD001402
6075000042,2024-10-31,37.79117822169901,-122.40490097688772,1,OD001403
6075000044,2024-10-31,37.79714358162899,-122.41320474443096,5,OD001404
6075000033,2024-10-31,37.8015185498961,-122.39473009548493,3,OD001405
6075000002,2024-11-01,37.77627742632712,-122.41963986737767,0,OD001406
6075000008,2024-11-02,37.78324422895635,-122.41847432147992,0,OD001407
6075000011,2024-11-02,37.780604652568734,-122.40022096462874,0,OD001408
6075000006,2024-11-02,37.77872037062087,-122.40748393984185,0,OD001409
6075000002,2024-11-02,37.77710070081129,-122.4155180191588,1,OD001410
6075000004,2024-11-03,37.78841194249707,-122.40698232553208,0,OD001411
6075000002,2024-11-03,37.77681547577709,-122.41743225940036,0,OD001412
6075000006,2024-11-03,37.77233380904913,-122.40748390364345,0,OD001413
6075000005,2024-11-03,37.77341146397935,-122.41432565397582,0,OD001414
6075000024,2024-11-03,37.76337434898246,-122.41425282593487,1,OD001415
6075000011,2024-11-03,37.78720784639141,-122.40252503443932,2,OD001416
6075000007,2024-11-03,37.783149885130015,-122.41119067796876,1,OD001417
6075000002,2024-11-03,37.77798681719582,-122.41720542485295,2,OD001418
6075000002,2024-11-03,37.77699166492351,-122.41827390592051,1,OD001419
6075000027,2024-11-03,37.73475047231713,-122.39682395501647,1,OD001420
6075000004,2024-11-04,37.79122289254155,-122.40961463956323,0,OD001421
6075000024,2024-11-04,37.76561428716796,-122.41146430397538,0,OD001422
6075000012,2024-11-04,37.78096515442197,-122.40189673912155,0,OD001423
6075000011,2024-11-04,37.78391051239074,-122.40414542362653,1,OD001424
6075000044,2024-11-04,37.80087401997461,-122.41366845985921,5,OD001425
6075000033,2024-11-04,37.80137933079917,-122.40720197413786,4,OD001426
6075000033,2024-11-04,37.79752542200684,-122.40390106021773,5,OD001427
6075000029,2024-11-04,37.71786995256579,-122.38921877791415,1,OD001428
6075000006,2024-11-05,37.77470737668833,-122.40473399563255,0,OD001429
6075000013,2024-11-05,37.77747723459903,-122.40114615911146,0,OD001430
6075000016,2024-11-05,37.776888448146806,-122.40730088793244,0,OD001431
6075000029,2024-11-05,37.726337880431245,-122.395233982758,1,OD001432
6075000015,2024-11-05,37.79566552392076,-122.38953249829001,1,OD001433
6075000016,2024-11-06,37.77876065725854,-122.40895435783266,0,OD001434
6075000005,2024-11-06,37.7741572348269,-122.41434093165792,1,OD001435
6075000029,2024-11-06,37.715722033598745,-122.39384421653433,2,OD001436
6075000007,2024-11-06,37.78407762825061,-122.411303665131,2,OD001437
6075000034,2024-11-07,37.80501601926084,-122.44426872426428,0,OD001438
6075000004,2024-11-07,37.787629761611306,-122.40988628746658,0,OD001439
6075000012,2024-11-07,37.7758435210816,-122.40275040255068,0,OD001440
6075000011,2024-11-07,37.785097896193484,-122.40223834095151,0,OD001441
6075000042,2024-11-07,37.79451879519444,-122.40249897440859,1,OD001442
6075000033,2024-11-07,37.79664586352434,-122.40830910064295,1,OD001443
6075000005,2024-11-07,37.773060636964566,-122.41737646110028,1,OD001444
6075000012,2024-11-08,37.78115559391845,-122.40516445778519,0,OD001445
6075000016,2024-11-08,37.7759378824818,-122.4078448113152,0,OD001446
6075000014,2024-11-08,37.775191106136305,-122.40359716877303,0,OD001447
6075000014,2024-11-08,37.77639350045745,-122.40234493943706,0,OD001448
6075000022,2024-11-08,37.75485230500044,-122.42239754841137,1,OD001449
6075000004,2024-11-08,37.79419997807658,-122.41011269297083,2,OD001450
6075000033,2024-11-08,37.806553999622345,-122.41066261028789,2,OD001451
6075000014,2024-11-08,37.77198680388982,-122.39442736815498,1,OD001452
6075000042,2024-11-09,37.791717781617685,-122.40284458187713,0,OD001453
6075000012,2024-11-09,37.77869007431672,-122.40440560114327,0,OD001454
6075000009,2024-11-09,37.779026842560924,-122.40705231152266,0,OD001455
6075000006,2024-11-09,37.77541204287162,-122.40584837610346,0,OD001456
6075000002,2024-11-09,37.777874238933464,-122.4196141020537,0,OD001457
6075000006,2024-11-09,37.77466760955671,-122.40632669140888,0,OD001458
6075000033,2024-11-09,37.796879683762974,-122.39761012203664,2,OD001459
6075000002,2024-11-09,37.77809555870557,-122.41940470493981,1,OD001460
6075000007,2024-11-09,37.783130537869454,-122.41080103074451,2,OD001461
6075000005,2024-11-09,37.77221487768447,-122.41417919331732,1,OD001462
6075000044,2024-11-09,37.82057541102089,-122.41653418422648,3,OD001463
6075000022,2024-11-09,37.74696084757849,-122.4193224093461,2,OD001464
6075000019,2024-11-09,37.76436586703062,-122.41914338691227,1,OD001465
6075000012,2024-11-10,37.7809954870552,-122.40218741440499,0,OD001466
6075000016,2024-11-10,37.77817249308126,-122.41044784993699,0,OD001467
6075000014,2024-11-10,37.772378329589344,-122.40152788436974,0,OD001468
6075000009,2024-11-10,37.78127881661774,-122.40977226060237,3,OD001469
6075000012,2024-11-10,37.77777374202813,-122.40551156287891,1,OD001470
6075000009,2024-11-10,37.78308044107646,-122.40750675024802,1,OD001471
6075000021,2024-11-10,37.75757891034749,-122.41883828434192,2,OD001472
6075000009,2024-11-11,37.779059687001684,-122.40723844845279,0,OD001473
6075000032,2024-11-11,37.73258434272811,-122.38528300720277,0,OD001474
6075000020,2024-11-11,37.76874663797264,-122.41369530816706,0,OD001475
6075000008,2024-11-11,37.78359861137494,-122.41767001396731,0,OD001476
6075000040,2024-11-11,37.73574796566305,-122.41926598199265,0,OD001477
6075000002,2024-11-11,37.77494782369071,-122.42015408002415,0,OD001478
6075000036,2024-11-11,37.75546576236162,-122.42501473757467,2,OD001479
6075000043,2024-11-11,37.775330810705825,-122.38686518791062,2,OD001480
6075000015,2024-11-11,37.784696820490794,-122.39716532503083,1,OD001481
6075000024,2024-11-11,37.76190077594111,-122.408284419819,3,OD001482
6075000008,2024-11-12,37.78043779065311,-122.41901213331067,0,OD001483
6075000004,2024-11-12,37.78722888864852,-122.40857245289395,0,OD001484
6075000048,2024-11-12,37.76383824032187,-122.46898549555844,0,OD001485
6075000042,2024-11-12,37.79027324868822,-122.40498473020118,1,OD001486
6075000007,2024-11-12,37.78380290111206,-122.4118383565382,2,OD001487
6075000001,2024-11-12,37.79222944149096,-122.41761021836352,3,OD001488
6075000007,2024-11-12,37.785218434666824,-122.40923404928222,3,OD001489
6075000048,2024-11-12,37.76852153200407,-122.48419741181222,1,OD001490
6075000010,2024-11-12,37.77301750995768,-122.40624843312816,1,OD001491
6075000008,2024-11-12,37.780608279479026,-122.41748760818565,1,OD001492
6075000014,2024-11-12,37.77435984551424,-122.40216534881809,1,OD001493
6075000035,2024-11-13,37.76380227843004,-122.43398081951783,0,OD001494
6075000006,2024-11-13,37.774325893733895,-122.40809408502264,0,OD001495
6075000038,2024-11-13,37.765541752566335,-122.40146965105029,0,OD001496
6075000010,2024-11-13,37.7730112945649,-122.40593410157793,0,OD001497
6075000028,2024-11-13,37.739612620536676,-122.37865455144312,1,OD001498
6075000011,2024-11-13,37.787267831297875,-122.39946550467126,2,OD001499
6075000038,2024-11-13,37.757824777286835,-122.39473713200701,2,OD001500
6075000024,2024-11-13,37.76250278945167,-122.41302451800945,4,OD001501
6075000003,2024-11-13,37.78743274745176,-122.40699012173958,2,OD001502
6075000009,2024-11-13,37.78135365967337,-122.40567563305441,1,OD001503
6075000002,2024-11-13,37.77749528826024,-122.41588006706985,1,OD001504
6075000004,2024-11-14,37.790234981669684,-122.40813951212489,0,OD001505
6075000001,2024-11-14,37.783514751349294,-122.41251884806633,0,OD001506
6075000042,2024-11-14,37.7897961176786,-122.4013095682698,2,OD001507
6075000017,2024-11-14,37.75815187837375,-122.40758863010078,5,OD001508
6075000042,2024-11-14,37.792679419472314,-122.39516027474262,1,OD001509
6075000038,2024-11-14,37.76583119234643,-122.40673487293476,4,OD001510
6075000009,2024-11-14,37.780343558726884,-122.40650629963456,4,OD001511
6075000002,2024-11-14,37.77640304510136,-122.41443057782399,3,OD001512
6075000042,2024-11-14,37.79535688213452,-122.39820137653994,3,OD001513
6075000038,2024-11-14,37.76889809867301,-122.40711248171337,5,OD001514
6075000046,2024-11-15,37.7765406467482,-122.42278082349168,0,OD001515
6075000006,2024-11-15,37.77490312086317,-122.4059387178243,0,OD001516
6075000002,2024-11-15,37.77631450787134,-122.41904480506571,1,OD001517
6075000011,2024-11-15,37.78419070903447,-122.40162113251716,3,OD001518
6075000001,2024-11-15,37.786419564287165,-122.4187549225408,1,OD001519
6075000038,2024-11-15,37.76134097689726,-122.3995438029582,4,OD001520
6075000044,2024-11-16,37.79929260157637,-122.42174159667397,0,OD001521
6075000011,2024-11-16,37.78392574401219,-122.40176553615383,0,OD001522
6075000020,2024-11-16,37.768145713770565,-122.40856446744357,1,OD001523
6075000012,2024-11-16,37.78032556380544,-122.40339678422173,1,OD001524
6075000021,2024-11-16,37.76073796915233,-122.41534872454334,3,OD001525
6075000046,2024-11-16,37.78272214511468,-122.4242814956097,2,OD001526
6075000012,2024-11-17,37.77775601925933,-122.40245079557708,0,OD001527
6075000012,2024-11-17,37.777505628321585,-122.40284379895152,0,OD001528
6075000001,2024-11-17,37.78468677977347,-122.41739544589305,2,OD001529
6075000038,2024-11-17,37.770144599870314,-122.39995084220294,6,OD001530
6075000033,2024-11-17,37.80197307940531,-122.38966064661801,3,OD001531
6075000010,2024-11-17,37.77120043766551,-122.40824320085348,4,OD001532
6075000015,2024-11-17,37.7935572498243,-122.38850084917664,4,OD001533
6075000042,2024-11-17,37.792927736800934,-122.39840435493127,4,OD001534
6075000015,2024-11-17,37.793156124307565,-122.38838043097309,4,OD001535
6075000008,2024-11-18,37.78014522901667,-122.41861352439254,0,OD001536
6075000017,2024-11-18,37.757459941378535,-122.40888470482855,0,OD001537
6075000007,2024-11-18,37.78367940906814,-122.41105435703686,0,OD001538
6075000033,2024-11-18,37.79952269223463,-122.38580218993118,4,OD001539
6075000044,2024-11-18,37.79202314174717,-122.43295183590675,3,OD001540
6075000005,2024-11-18,37.769951251765455,-122.41442125562303,4,OD001541
6075000012,2024-11-19,37.777093596738524,-122.40382132112431,0,OD001542
6075000009,2024-11-19,37.78094662229757,-122.40847990768823,0,OD001543
6075000045,2024-11-19,37.76042429696157,-122.43341181841812,0,OD001544
6075000008,2024-11-19,37.785850513529596,-122.41988913388532,1,OD001545
6075000033,2024-11-19,37.815564832444785,-122.39416550501136,4,OD001546
6075000038,2024-11-19,37.75839448446066,-122.38700033155915,7,OD001547
6075000004,2024-11-19,37.79043599684853,-122.4142005717627,2,OD001548
6075000035,2024-11-19,37.76700259018952,-122.43276642797804,1,OD001549
6075000045,2024-11-21,37.76078619742647,-122.43345211576374,0,OD001550
6075000046,2024-11-21,37.78094343811887,-122.42862290552708,1,OD001551
6075000043,2024-11-21,37.78113697274515,-122.39399752269664,5,OD001552
6075000001,2024-11-21,37.786017031719545,-122.41840060386734,2,OD001553
6075000034,2024-11-21,37.80891978683659,-122.43041543333054,4,OD001554
6075000033,2024-11-21,37.815524943967304,-122.38972757817955,5,OD001555
6075000015,2024-11-22,37.78654184718655,-122.39350133435988,0,OD001556
6075000040,2024-11-22,37.734584437716315,-122.41850413244751,0,OD001557
6075000003,2024-11-22,37.78959218034962,-122.40721937342069,0,OD001558
6075000006,2024-11-22,37.77707385916177,-122.40516087436089,0,OD001559
6075000043,2024-11-22,37.778523727244966,-122.39533493023546,1,OD001560
6075000033,2024-11-22,37.800196139735824,-122.41090037231136,1,OD001561
6075000043,2024-11-22,37.77405862279762,-122.38983295175834,6,OD001562
6075000004,2024-11-22,37.79088912978955,-122.41064613022145,2,OD001563
6075000032,2024-11-23,37.729933805297414,-122.38506559438363,0,OD001564
6075000005,2024-11-23,37.772119510184176,-122.41229546632465,0,OD001565
6075000034,2024-11-23,37.79975493548978,-122.43923866459802,5,OD001566
6075000008,2024-11-23,37.78549792276243,-122.42225202480333,2,OD001567
6075000016,2024-11-24,37.7766449593482,-122.40581181669991,0,OD001568
6075000035,2024-11-24,37.766359882897305,-122.43404584602584,1,OD001569
6075000040,2024-11-24,37.734051424152526,-122.42291578501714,1,OD001570
6075000038,2024-11-25,37.77120859514254,-122.4029079569849,1,OD001571
6075000046,2024-11-25,37.77962593256672,-122.42749098176976,3,OD001572
6075000008,2024-11-26,37.78227215411723,-122.41546053952518,1,OD001573
6075000043,2024-11-26,37.782647521536276,-122.39820191438467,1,OD001574
6075000009,2024-11-27,37.77944551003018,-122.40810468533769,0,OD001575
6075000011,2024-11-27,37.785683462416294,-122.40488645975245,1,OD001576
6075000012,2024-11-27,37.77901191379981,-122.40395384949343,1,OD001577
6075000040,2024-11-27,37.734895036924804,-122.40957048252967,1,OD001578
6075000004,2024-11-27,37.7899360178683,-122.41101381809264,2,OD001579
6075000006,2024-11-28,37.77675381349275,-122.40581130467609,2,OD001580
6075000043,2024-11-28,37.77842644943592,-122.3985302736483,2,OD001581
6075000041,2024-11-28,37.74431504319013,-122.40920054688733,2,OD001582
6075000043,2024-11-28,37.77300053567274,-122.38101531675409,2,OD001583
6075000010,2024-11-28,37.77077848651956,-122.40634788689901,3,OD001584
6075000042,2024-11-28,37.79212319211753,-122.40325624175267,2,OD001585
6075000008,2024-11-29,37.780873892881694,-122.4215628962527,0,OD001586
6075000033,2024-11-29,37.7979527702623,-122.40896039030545,3,OD001587
6075000038,2024-11-29,37.76615794752885,-122.3953711325008,1,OD001588
6075000046,2024-11-29,37.782957893745746,-122.42787395583436,1,OD001589
6075000043,2024-11-29,37.77308763274096,-122.37593861294948,3,OD001590
6075000014,2024-11-29,37.77547023719503,-122.40277960389568,3,OD001591
6075000042,2024-11-29,37.79534413418091,-122.40756379003847,3,OD001592
6075000033,2024-11-29,37.79648082632144,-122.41128394403253,4,OD001593
6075000038,2024-11-29,37.771333099599666,-122.39572759839086,2,OD001594
6075000014,2024-11-29,37.77239089141244,-122.39827901867781,3,OD001595
6075000013,2024-11-30,37.777595303154605,-122.40464806029416,0,OD001596
6075000034,2024-11-30,37.78646761048261,-122.44231414435048,2,OD001597
6075000009,2024-11-30,37.77927782842532,-122.41194077591258,3,OD001598
6075000010,2024-11-30,37.77432131254605,-122.40942543411023,4,OD001599
6075000046,2024-11-30,37.78021298507139,-122.43424970919347,2,OD001600
6075000014,2024-12-01,37.775350167322664,-122.39751186382414,4,OD001601
6075000046,2024-12-01,37.78792408271354,-122.43182262542105,3,OD001602
6075000007,2024-12-01,37.78583795242563,-122.41084983085848,1,OD001603
6075000038,2024-12-01,37.76233527453921,-122.3925013996011,3,OD001604
6075000014,2024-12-02,37.77336720815242,-122.40229845214199,0,OD001605
6075000023,2024-12-02,37.75293391443824,-122.40375748649394,3,OD001606
6075000011,2024-12-02,37.78798789074868,-122.40230196438337,4,OD001607
6075000009,2024-12-02,37.77983875726526,-122.40746228396446,2,OD001608
6075000038,2024-12-02,37.763118831576165,-122.38501715956939,4,OD001609
6075000007,2024-12-03,37.78261717933439,-122.41280345966128,0,OD001610
6075000014,2024-12-03,37.77661043838499,-122.40358057025841,0,OD001611
6075000041,2024-12-03,37.74249471958904,-122.401221133007,0,OD001612
6075000038,2024-12-03,37.77122584529741,-122.39802705882114,4,OD001613
6075000030,2024-12-03,37.7302289563738,-122.39398621335862,1,OD001614
6075000041,2024-12-03,37.74234157240664,-122.40205041181228,1,OD001615
6075000008,2024-12-03,37.781687068281556,-122.41607494583079,5,OD001616
6075000030,2024-12-04,37.733331963623016,-122.39301108481753,0,OD001617
6075000006,2024-12-04,37.77767844342536,-122.4050215991073,0,OD001618
6075000013,2024-12-04,37.77656312073854,-122.39901832801159,2,OD001619
6075000041,2024-12-04,37.741030448242206,-122.40920624852917,2,OD001620
6075000040,2024-12-04,37.73708672010013,-122.42513699710157,2,OD001621
6075000002,2024-12-04,37.77464932455737,-122.41685138630989,6,OD001622
6075000046,2024-12-04,37.78073856621193,-122.42141782306163,3,OD001623
6075000014,2024-12-05,37.77384379417089,-122.4030019004814,0,OD001624
6075000038,2024-12-05,37.75599249431851,-122.38954045194504,4,OD001625
6075000014,2024-12-05,37.7753693611329,-122.40208899278453,3,OD001626
6075000028,2024-12-05,37.75674667362384,-122.38266966850283,5,OD001627
6075000038,2024-12-05,37.76920993469677,-122.39431707106064,4,OD001628
6075000028,2024-12-05,37.748030195702526,-122.38425861747146,6,OD001629
6075000026,2024-12-06,37.734971857580334,-122.38162795394938,0,OD001630
6075000030,2024-12-06,37.732021270194224,-122.39070427749695,0,OD001631
6075000006,2024-12-06,37.77573540494801,-122.40750810581272,0,OD001632
6075000010,2024-12-06,37.77557780916165,-122.40830928279053,0,OD001633
6075000006,2024-12-06,37.77450729643902,-122.40474040689223,0,OD001634
6075000048,2024-12-06,37.7629116518743,-122.4703448466005,0,OD001635
6075000029,2024-12-06,37.72528202867755,-122.39631861841636,2,OD001636
6075000046,2024-12-06,37.778878552840865,-122.42641075279772,2,OD001637
6075000008,2024-12-06,37.78206175612265,-122.4178022150811,1,OD001638
6075000014,2024-12-06,37.77431137641693,-122.40215564359369,1,OD001639
6075000008,2024-12-06,37.7815903063905,-122.4201817414948,4,OD001640
6075000008,2024-12-07,37.7825971429601,-122.41639308009525,0,OD001641
6075000002,2024-12-07,37.7749033923984,-122.42011597007455,5,OD001642
6075000046,2024-12-07,37.78770727270496,-122.42552876863266,3,OD001643
6075000044,2024-12-07,37.79175772965658,-122.42052995493619,2,OD001644
6075000016,2024-12-08,37.77660565457899,-122.41014928434312,0,OD001645
6075000007,2024-12-08,37.78359373912878,-122.41162027808438,3,OD001646
6075000027,2024-12-08,37.73651242590922,-122.39754233202876,4,OD001647
6075000040,2024-12-08,37.732243060210976,-122.41515767088381,3,OD001648
6075000038,2024-12-09,37.76782412353403,-122.39951886579284,0,OD001649
6075000040,2024-12-09,37.73362364987787,-122.41988499070837,0,OD001650
6075000004,2024-12-09,37.788201516322815,-122.41088304085413,0,OD001651
6075000013,2024-12-09,37.777804694500304,-122.40057793888435,4,OD001652
6075000007,2024-12-09,37.78418072991796,-122.41099625627703,1,OD001653
6075000039,2024-12-09,37.72027512333809,-122.42548628746812,4,OD001654
6075000014,2024-12-09,37.77526297846463,-122.4026777856586,4,OD001655
6075000003,2024-12-10,37.788334135078074,-122.40941023759923,0,OD001656
6075000002,2024-12-10,37.77396007583193,-122.4261100685044,1,OD001657
6075000039,2024-12-10,37.726899955864326,-122.42795225738833,1,OD001658
6075000023,2024-12-10,37.756597246826864,-122.4051031190304,1,OD001659
6075000014,2024-12-10,37.77432018616779,-122.40185952896566,1,OD001660
6075000029,2024-12-10,37.726938611993226,-122.39547796117661,3,OD001661
6075000013,2024-12-10,37.776929797107954,-122.40034903558046,1,OD001662
6075000009,2024-12-11,37.78213783608027,-122.4098860034454,0,OD001663
6075000008,2024-12-11,37.7823851252197,-122.41806267489966,0,OD001664
6075000011,2024-12-11,37.78576714049291,-122.39971327932683,2,OD001665
6075000043,2024-12-11,37.77331166177383,-122.38660831519857,3,OD001666
6075000016,2024-12-12,37.77626199013334,-122.41007190329242,0,OD001667
6075000036,2024-12-12,37.757594322471704,-122.43099651773333,0,OD001668
6075000043,2024-12-12,37.77428950666003,-122.39393023015735,2,OD001669
6075000007,2024-12-12,37.78176483392969,-122.41247500312664,1,OD001670
6075000012,2024-12-13,37.77780569816884,-122.40339421952112,0,OD001671
6075000011,2024-12-13,37.78454899695683,-122.40269557328197,0,OD001672
6075000001,2024-12-13,37.79076844868716,-122.4156360380778,3,OD001673
6075000004,2024-12-14,37.787861556032276,-122.4115638878552,0,OD001674
6075000001,2024-12-14,37.78589130474373,-122.41321266476504,0,OD001675
6075000002,2024-12-14,37.7780309761315,-122.41939295296295,0,OD001676
6075000029,2024-12-14,37.73324642152503,-122.40524826473906,5,OD001677
6075000009,2024-12-15,37.78155189015495,-122.40793081855227,0,OD001678
6075000011,2024-12-15,37.78316697283875,-122.4019002445821,0,OD001679
6075000046,2024-12-15,37.785715435175526,-122.4247662492576,3,OD001680
6075000035,2024-12-15,37.76757089466381,-122.42744972738842,1,OD001681
6075000006,2024-12-15,37.7752677123423,-122.40562484269586,1,OD001682
6075000046,2024-12-15,37.783039868714816,-122.42535329348323,4,OD001683
6075000009,2024-12-16,37.77941227488295,-122.40846007077215,0,OD001684
6075000011,2024-12-16,37.78458338862637,-122.40194228404458,0,OD001685
6075000042,2024-12-16,37.79582152370631,-122.40808008235437,1,OD001686
6075000028,2024-12-16,37.744452833589364,-122.38549329971406,7,OD001687
6075000012,2024-12-17,37.7754535162057,-122.40684945971091,0,OD001688
6075000042,2024-12-17,37.79454145345545,-122.40804677628603,2,OD001689
6075000035,2024-12-17,37.76838654542537,-122.43212282040605,2,OD001690
6075000013,2024-12-17,37.778118836206325,-122.39952064832104,1,OD001691
6075000044,2024-12-17,37.79772297707821,-122.41678176526045,3,OD001692
6075000040,2024-12-18,37.73606323059149,-122.41849615254344,0,OD001693
6075000002,2024-12-18,37.77788897603886,-122.41742819992825,0,OD001694
6075000001,2024-12-18,37.78683650906927,-122.41310505976035,0,OD001695
6075000014,2024-12-18,37.77196056685802,-122.39996111084531,0,OD001696
6075000010,2024-12-18,37.77327665863853,-122.40745544330595,1,OD001697
6075000002,2024-12-18,37.779228834578724,-122.41375369028997,4,OD001698
6075000005,2024-12-18,37.77515876262366,-122.4139143330289,1,OD001699
6075000046,2024-12-19,37.781885828039464,-122.42252997352426,0,OD001700
6075000008,2024-12-19,37.782360960337,-122.42124611918887,0,OD001701
6075000011,2024-12-19,37.78155351128133,-122.39970990458744,0,OD001702
6075000019,2024-12-19,37.764769501150575,-122.41991558762858,2,OD001703
6075000001,2024-12-19,37.78486941841679,-122.41539426140804,1,OD001704
6075000011,2024-12-20,37.78350530851541,-122.40284838269639,0,OD001705
6075000006,2024-12-20,37.77594503438092,-122.40728191905805,0,OD001706
6075000046,2024-12-20,37.78451268545291,-122.42713532330069,1,OD001707
6075000038,2024-12-20,37.76133755277855,-122.39932180166358,1,OD001708
6075000003,2024-12-20,37.787149532675365,-122.41085147675194,2,OD001709
6075000012,2024-12-21,37.77542375909653,-122.40165421973111,0,OD001710
6075000031,2024-12-21,37.730116944118116,-122.3886227980817,0,OD001711
6075000022,2024-12-21,37.75165192134075,-122.42187328013712,3,OD001712
6075000012,2024-12-22,37.780336746548464,-122.40081558275408,0,OD001713
6075000006,2024-12-22,37.77553442939709,-122.40628868293052,0,OD001714
6075000007,2024-12-22,37.78703510973148,-122.41037484959904,0,OD001715
6075000004,2024-12-22,37.79051452544044,-122.4080975006489,0,OD001716
6075000011,2024-12-22,37.78594204073678,-122.40518989525262,1,OD001717
6075000008,2024-12-22,37.78311217712015,-122.41792211575134,4,OD001718
6075000019,2024-12-22,37.76142922206188,-122.41939542410572,3,OD001719
6075000001,2024-12-22,37.78795027561274,-122.41432910195732,4,OD001720
6075000014,2024-12-24,37.77348928660093,-122.40294974229707,0,OD001721
6075000044,2024-12-24,37.79797092170389,-122.42554231451868,0,OD001722
6075000015,2024-12-24,37.78417866917634,-122.39279489357598,0,OD001723
6075000012,2024-12-24,37.776648289902845,-122.40605165555628,0,OD001724
6075000012,2024-12-24,37.7798395213691,-122.40376013384359,1,OD001725
6075000004,2024-12-24,37.79278781425862,-122.41574956040976,5,OD001726
6075000016,2024-12-25,37.77934586489725,-122.4070168669573,0,OD001727
6075000033,2024-12-25,37.79619924723199,-122.39299938577078,2,OD001728
6075000015,2024-12-25,37.79646347164724,-122.38677779616114,3,OD001729
6075000038,2024-12-25,37.768017389397485,-122.40447645211997,1,OD001730
6075000044,2024-12-25,37.8021353986917,-122.42120642554521,4,OD001731
6075000015,2024-12-26,37.787017248681586,-122.39210977437942,0,OD001732
6075000038,2024-12-26,37.77069249467971,-122.393002939995,1,OD001733
6075000017,2024-12-26,37.75917314075189,-122.40604604112764,1,OD001734
6075000002,2024-12-26,37.77556590366427,-122.41586928938747,2,OD001735
6075000010,2024-12-27,37.7728618321986,-122.41055800255032,0,OD001736
6075000016,2024-12-27,37.777847753955236,-122.40922134978163,0,OD001737
6075000013,2024-12-28,37.77803993998682,-122.40298440632259,0,OD001738
6075000001,2024-12-28,37.78587406426703,-122.41630783567489,0,OD001739
6075000014,2024-12-28,37.77302251319938,-122.40042408344199,2,OD001740
6075000042,2024-12-28,37.793402324480134,-122.40656952838731,3,OD001741
6075000009,2024-12-29,37.78258508685334,-122.40922640662787,0,OD001742
6075000005,2024-12-29,37.77090060913493,-122.41597138900516,3,OD001743
6075000011,2024-12-30,37.78649155943475,-122.40079522308999,1,OD001744
6075000002,2024-12-30,37.7787392493699,-122.41420954628964,1,OD001745
6075000044,2024-12-30,37.79852782545132,-122.4293426998272,6,OD001746
6075000017,2024-12-31,37.760223614127014,-122.40968761075183,4,OD001747
6075000005,2024-12-31,37.7724715893272,-122.41541386233915,2,OD001748
6075000015,2024-12-31,37.78593633139888,-122.39410936194281,1,OD001749
6075000004,2025-01-01,37.78876315408757,-122.40694430856968,0,OD001750
6075000014,2025-01-01,37.77297835362555,-122.39551793993547,1,OD001751
6075000005,2025-01-02,37.775603512997755,-122.41511560067231,0,OD001752
6075000008,2025-01-02,37.778197005018065,-122.41691043786983,0,OD001753
6075000043,2025-01-02,37.776749649871824,-122.39639022203343,2,OD001754
6075000017,2025-01-03,37.75823012274573,-122.41206936861842,0,OD001755
6075000008,2025-01-03,37.77983495102461,-122.42051749353247,0,OD001756
6075000009,2025-01-03,37.78142964465609,-122.40556997317982,0,OD001757
6075000045,2025-01-04,37.758613676290025,-122.43604450302966,0,OD001758
6075000012,2025-01-04,37.77755355678867,-122.40299716116567,0,OD001759
6075000009,2025-01-04,37.779739563742645,-122.41020916919304,0,OD001760
6075000038,2025-01-04,37.76079955494112,-122.38792954446195,3,OD001761
6075000045,2025-01-04,37.75798024551411,-122.43666736276046,1,OD001762
6075000002,2025-01-04,37.778403276575965,-122.41464165197316,1,OD001763
6075000010,2025-01-05,37.774572233480804,-122.40875588665644,1,OD001764
6075000012,2025-01-06,37.77851676246134,-122.40291477731635,0,OD001765
6075000002,2025-01-06,37.778716248828246,-122.41976904080224,0,OD001766
6075000043,2025-01-06,37.778966210588926,-122.39359223348676,3,OD001767
6075000042,2025-01-06,37.79065242053444,-122.40193004171113,2,OD001768
6075000017,2025-01-07,37.75601166954621,-122.41084719142765,0,OD001769
6075000040,2025-01-07,37.73401711782219,-122.41834807403411,0,OD001770
6075000006,2025-01-07,37.776549314413046,-122.4075175856094,0,OD001771
6075000008,2025-01-07,37.78196268328809,-122.41624798472598,1,OD001772
6075000004,2025-01-07,37.78809870536428,-122.41200790043985,1,OD001773
6075000009,2025-01-08,37.78154927393631,-122.40747650113316,2,OD001774
6075000001,2025-01-08,37.784939466193535,-122.41314736180829,2,OD001775
6075000020,2025-01-08,37.767867341246124,-122.41109372905615,1,OD001776
6075000010,2025-01-09,37.77249982130084,-122.4075204742559,0,OD001777
6075000011,2025-01-09,37.78546543863305,-122.40151168926226,0,OD001778
6075000019,2025-01-09,37.76858509835986,-122.41926689272105,2,OD001779
6075000019,2025-01-09,37.765971391431535,-122.41726501265778,2,OD001780
6075000005,2025-01-09,37.774654656936505,-122.41474471578161,2,OD001781
6075000044,2025-01-09,37.79048298625533,-122.42819279653179,2,OD001782
6075000009,2025-01-09,37.783098399774246,-122.40716415179293,1,OD001783
6075000007,2025-01-10,37.78419498268601,-122.4115282821045,0,OD001784
6075000032,2025-01-10,37.73175114197566,-122.38478532477117,0,OD001785
6075000004,2025-01-11,37.78968216834299,-122.40804376871382,0,OD001786
6075000016,2025-01-11,37.77782478934502,-122.4089289213253,0,OD001787
6075000012,2025-01-11,37.77716839636103,-122.4055655396136,0,OD001788
6075000040,2025-01-11,37.73740494113745,-122.4202543189523,0,OD001789
6075000047,2025-01-11,37.7959224600067,-122.47831184390552,0,OD001790
6075000040,2025-01-11,37.74201999054724,-122.41494372350361,1,OD001791
6075000004,2025-01-12,37.788437874727734,-122.41002968414296,0,OD001792
6075000044,2025-01-12,37.79226557345843,-122.43030409817703,3,OD001793
6075000014,2025-01-12,37.77396173253211,-122.40441482356802,1,OD001794
6075000005,2025-01-12,37.77082689795601,-122.4138425073559,2,OD001795
6075000014,2025-01-12,37.77303854150903,-122.40345727189799,1,OD001796
6075000046,2025-01-12,37.78540131276431,-122.42914290292431,4,OD001797
6075000002,2025-01-12,37.777425699019155,-122.41825863841855,3,OD001798
6075000044,2025-01-12,37.79201855802267,-122.43122461605705,4,OD001799
6075000009,2025-01-12,37.780598784728156,-122.41093977481432,1,OD001800
6075000004,2025-01-13,37.78768466268499,-122.40667816081849,0,OD001801
6075000010,2025-01-13,37.76984171180082,-122.4083156229162,2,OD001802
6075000042,2025-01-13,37.793305589204735,-122.40309177409516,1,OD001803
6075000011,2025-01-13,37.78511518088536,-122.40603038531313,3,OD001804
6075000043,2025-01-14,37.77991507356581,-122.39703816972307,0,OD001805
6075000040,2025-01-14,37.73624649612898,-122.41907604637989,0,OD001806
6075000009,2025-01-14,37.78203831817323,-122.40861189897883,0,OD001807
6075000030,2025-01-14,37.73218657086707,-122.39176844136472,0,OD001808
6075000015,2025-01-14,37.787028828417824,-122.3909770375654,0,OD001809
6075000041,2025-01-14,37.742599581681326,-122.41038536276902,1,OD001810
6075000001,2025-01-14,37.785035625834446,-122.4153665660881,1,OD001811
6075000002,2025-01-14,37.77417053420448,-122.42336495235064,3,OD001812
6075000019,2025-01-14,37.76707283809803,-122.42074902870927,3,OD001813
6075000007,2025-01-15,37.787759321954915,-122.41100159133912,0,OD001814
6075000011,2025-01-15,37.786727665974546,-122.40229466225351,0,OD001815
6075000016,2025-01-15,37.778566366122305,-122.41165932440327,3,OD001816
6075000042,2025-01-15,37.78966999910449,-122.39770834456277,1,OD001817
6075000011,2025-01-15,37.78757153012024,-122.40221004828973,1,OD001818
6075000015,2025-01-15,37.79053047745754,-122.39092254560552,1,OD001819
6075000012,2025-01-16,37.77799346507641,-122.40286333758067,0,OD001820
6075000002,2025-01-16,37.77586607363828,-122.42208169660464,4,OD001821
6075000022,2025-01-16,37.755417955798706,-122.4161295288864,4,OD001822
6075000043,2025-01-16,37.781894974087145,-122.3982228459073,1,OD001823
6075000004,2025-01-16,37.789343268458744,-122.40807942592285,2,OD001824
6075000044,2025-01-16,37.79492689982945,-122.42703283549736,3,OD001825
6075000015,2025-01-16,37.78358282835879,-122.39230237940512,2,OD001826
6075000004,2025-01-16,37.791427045882095,-122.41096007996308,2,OD001827
6075000030,2025-01-17,37.734633065178556,-122.39165966332887,0,OD001828
6075000008,2025-01-17,37.78117612007257,-122.41776694496824,0,OD001829
6075000015,2025-01-17,37.783792732389514,-122.39422915492231,0,OD001830
6075000017,2025-01-17,37.7563332995335,-122.41139346125762,0,OD001831
6075000007,2025-01-17,37.783651307026624,-122.4100993659991,1,OD001832
6075000028,2025-01-17,37.74586763319929,-122.38652606762615,1,OD001833
6075000022,2025-01-17,37.7547904883381,-122.41800243805386,4,OD001834
6075000034,2025-01-17,37.78276585665558,-122.45465817807612,5,OD001835
6075000027,2025-01-18,37.736367853032675,-122.39423112846255,0,OD001836
6075000039,2025-01-18,37.73132875454004,-122.4309737803407,1,OD001837
6075000015,2025-01-18,37.7803140102281,-122.38507845878259,1,OD001838
6075000005,2025-01-18,37.770810057739226,-122.41525827714925,3,OD001839
6075000038,2025-01-18,37.766909997558905,-122.39125390210067,1,OD001840
6075000008,2025-01-19,37.78154328922605,-122.42073311159896,0,OD001841
6075000008,2025-01-19,37.78205275010468,-122.41553419540755,0,OD001842
6075000014,2025-01-19,37.77611625278024,-122.4035719367564,0,OD001843
6075000034,2025-01-19,37.791105529765055,-122.44791420227955,6,OD001844
6075000040,2025-01-19,37.73643654879016,-122.42324725415124,1,OD001845
6075000034,2025-01-19,37.78355677361083,-122.45376106790022,6,OD001846
6075000043,2025-01-19,37.77402638396208,-122.37930690549706,1,OD001847
6075000015,2025-01-20,37.78562756645263,-122.39721048607423,1,OD001848
6075000029,2025-01-20,37.73028290528697,-122.39616989061346,1,OD001849
6075000041,2025-01-20,37.74764095812888,-122.4083948300416,5,OD001850
6075000015,2025-01-20,37.778314553967164,-122.37513598210742,2,OD001851
6075000015,2025-01-20,37.78300637220354,-122.38917500426098,1,OD001852
6075000015,2025-01-20,37.786137975920106,-122.38168279111606,2,OD001853
6075000015,2025-01-20,37.793364555334186,-122.37529451255558,3,OD001854
6075000043,2025-01-20,37.77844121816519,-122.38761906793123,3,OD001855
6075000015,2025-01-21,37.78335122694761,-122.38343592069305,3,OD001856
6075000046,2025-01-21,37.78241586760647,-122.42272195073815,5,OD001857
6075000025,2025-01-21,37.74000863365515,-122.38818396661769,2,OD001858
6075000021,2025-01-22,37.76153087079782,-122.41071689490367,0,OD001859
6075000044,2025-01-22,37.79226573974515,-122.43040520573126,6,OD001860
6075000034,2025-01-22,37.78896705753652,-122.44646870395883,7,OD001861
6075000014,2025-01-22,37.77512457495807,-122.39970685268693,1,OD001862
6075000027,2025-01-23,37.74032851362089,-122.39399554546551,0,OD001863
6075000009,2025-01-23,37.77989823976496,-122.41066189554414,0,OD001864
6075000012,2025-01-23,37.78082642616911,-122.40327225224785,0,OD001865
6075000016,2025-01-23,37.778779445295356,-122.40919088123577,0,OD001866
6075000004,2025-01-23,37.78608697953109,-122.40893431272742,0,OD001867
6075000022,2025-01-23,37.754876495175836,-122.41331470767783,0,OD001868
6075000008,2025-01-23,37.781589868869794,-122.41933871523935,0,OD001869
6075000015,2025-01-23,37.80231414580818,-122.37689999968356,4,OD001870
6075000042,2025-01-23,37.78996692196164,-122.40368699741069,1,OD001871
6075000020,2025-01-23,37.768353454718664,-122.41158500546081,1,OD001872
6075000046,2025-01-23,37.7803241844946,-122.42573153964192,1,OD001873
6075000041,2025-01-24,37.744331886487295,-122.40215003693713,0,OD001874
6075000003,2025-01-24,37.78901186916183,-122.4073090244918,0,OD001875
6075000002,2025-01-24,37.77812468822859,-122.41426509305093,2,OD001876
6075000022,2025-01-24,37.753564225925466,-122.4147585833721,2,OD001877
6075000022,2025-01-24,37.75589464766074,-122.41459004966315,3,OD001878
6075000029,2025-01-25,37.728213462202525,-122.40123258484768,0,OD001879
6075000015,2025-01-25,37.780976373347585,-122.36129552042958,4,OD001880
6075000043,2025-01-25,37.76990236572734,-122.35928794598568,5,OD001881
6075000017,2025-01-26,37.760310877082794,-122.40978237919288,1,OD001882
6075000011,2025-01-26,37.781452576780566,-122.40204598212426,1,OD001883
6075000014,2025-01-27,37.774998673748364,-122.40152486344788,0,OD001884
6075000010,2025-01-27,37.773910403897965,-122.40787153896167,0,OD001885
6075000008,2025-01-27,37.78335408033693,-122.41797307908634,0,OD001886
6075000043,2025-01-27,37.77736689159197,-122.38347218911422,4,OD001887
6075000044,2025-01-27,37.79147832192389,-122.42960925854514,6,OD001888
6075000044,2025-01-27,37.79981709887283,-122.41694730913999,1,OD001889
6075000003,2025-01-28,37.78865457177259,-122.41077613086715,0,OD001890
6075000027,2025-01-28,37.7361692709472,-122.3952310424913,0,OD001891
6075000041,2025-01-28,37.74316605106238,-122.40510539777245,1,OD001892
6075000022,2025-01-28,37.75429780330541,-122.41819869632602,4,OD001893
6075000004,2025-01-29,37.78955759988889,-122.40831929261937,0,OD001894
6075000006,2025-01-29,37.774948780831416,-122.40538419498476,0,OD001895
6075000041,2025-01-29,37.738334831774566,-122.40043359134988,1,OD001896
6075000011,2025-01-29,37.784083121073714,-122.40283509567865,1,OD001897
6075000037,2025-01-29,37.791225621623276,-122.46060441617645,7,OD001898
6075000020,2025-01-30,37.765961482747045,-122.41334825367326,0,OD001899
6075000045,2025-01-30,37.75997389432705,-122.43105268250466,0,OD001900
6075000006,2025-01-30,37.77747510865432,-122.40715877777559,0,OD001901
6075000038,2025-01-30,37.76828151505176,-122.40417674718344,0,OD001902
6075000010,2025-01-30,37.76868888840887,-122.40828684905266,1,OD001903
6075000037,2025-01-31,37.8060764532161,-122.46434535124526,0,OD001904
6075000012,2025-01-31,37.78044916113806,-122.40328895421482,0,OD001905
6075000041,2025-01-31,37.73765984550999,-122.40464814879361,2,OD001906
6075000040,2025-01-31,37.732291150598165,-122.41379311281011,1,OD001907
6075000017,2025-01-31,37.75895558710087,-122.40903243804955,1,OD001908
6075000040,2025-01-31,37.72872327335155,-122.42219758442722,2,OD001909
6075000034,2025-01-31,37.79091015092862,-122.43905469887208,8,OD001910
6075000003,2025-02-01,37.78407811581223,-122.40836378727845,0,OD001911
6075000004,2025-02-01,37.78970781957374,-122.40700537840432,0,OD001912
6075000041,2025-02-01,37.73873051878081,-122.40351377824726,1,OD001913
6075000038,2025-02-01,37.766420693027975,-122.39630326700136,2,OD001914
6075000023,2025-02-01,37.755952132744675,-122.39942742227807,2,OD001915
6075000016,2025-02-01,37.777544716106874,-122.41030545847029,1,OD001916
6075000012,2025-02-02,37.78027689733389,-122.40336690593787,2,OD001917
6075000031,2025-02-03,37.73319742424472,-122.38836304669894,0,OD001918
6075000030,2025-02-03,37.73436656501804,-122.39316372549838,2,OD001919
6075000036,2025-02-04,37.75784947616459,-122.43413324259001,0,OD001920
6075000037,2025-02-04,37.80278112254672,-122.46076831825364,0,OD001921
6075000039,2025-02-04,37.73141397424058,-122.43310041378923,0,OD001922
6075000018,2025-02-04,37.7508712771295,-122.41110360438763,2,OD001923
6075000033,2025-02-05,37.80076974728012,-122.40401356495467,0,OD001924
6075000036,2025-02-05,37.75876708324046,-122.42695954302067,1,OD001925
6075000031,2025-02-06,37.73031300410157,-122.38772793732248,0,OD001926
6075000048,2025-02-06,37.76222349721572,-122.4716604589039,0,OD001927
6075000011,2025-02-06,37.78146328995837,-122.40207114325435,0,OD001928
6075000032,2025-02-06,37.732399558940166,-122.3877510243776,0,OD001929
6075000019,2025-02-06,37.76135593714959,-122.42082040405266,3,OD001930
6075000028,2025-02-06,37.737148822704384,-122.38432764803068,1,OD001931
6075000032,2025-02-06,37.72102558344992,-122.38784118369566,1,OD001932
6075000006,2025-02-07,37.77470510147214,-122.40452318590394,0,OD001933
6075000008,2025-02-07,37.78095088301537,-122.42113063162974,0,OD001934
6075000009,2025-02-07,37.779188211444676,-122.41059379248313,1,OD001935
6075000030,2025-02-07,37.731415776683775,-122.39250376006653,1,OD001936
6075000014,2025-02-08,37.77482620396787,-122.4060924751437,0,OD001937
6075000026,2025-02-08,37.733506251209896,-122.37916477915296,2,OD001938
6075000037,2025-02-08,37.81006267115899,-122.46455990211278,1,OD001939
6075000029,2025-02-08,37.71707575108839,-122.3872033008782,2,OD001940
6075000014,2025-02-09,37.77604151298842,-122.40451968276486,0,OD001941
6075000006,2025-02-09,37.77829536425837,-122.40706785763324,0,OD001942
6075000014,2025-02-09,37.775358628778434,-122.40343646873538,0,OD001943
6075000033,2025-02-09,37.80989422958131,-122.41361058147898,1,OD001944
6075000040,2025-02-10,37.735088716917105,-122.41805582846186,0,OD001945
6075000046,2025-02-10,37.780092508825575,-122.42261526383176,0,OD001946
6075000010,2025-02-10,37.774710597287495,-122.40803035082352,0,OD001947
6075000029,2025-02-10,37.726436782591335,-122.3952712078405,2,OD001948
6075000002,2025-02-11,37.778939730193805,-122.41678467777827,1,OD001949
6075000010,2025-02-12,37.773618562403044,-122.40684480303004,0,OD001950
6075000004,2025-02-12,37.78932876821726,-122.40424311365295,0,OD001951
6075000007,2025-02-12,37.783662917894695,-122.40725055166088,1,OD001952
6075000015,2025-02-13,37.786194335582685,-122.3934467662625,0,OD001953
6075000016,2025-02-13,37.779061785257944,-122.40589818305327,0,OD001954
6075000011,2025-02-13,37.78224335837868,-122.40296705275331,0,OD001955
6075000005,2025-02-13,37.773938752152866,-122.41536687456808,1,OD001956
6075000003,2025-02-13,37.787849459933774,-122.4063752101798,1,OD001957
6075000011,2025-02-13,37.786384422485334,-122.40373197956309,2,OD001958
6075000016,2025-02-15,37.77918723977574,-122.40879375990626,0,OD001959
6075000010,2025-02-15,37.77142179879699,-122.40866344987288,0,OD001960
6075000043,2025-02-15,37.77757357682104,-122.39170054626607,1,OD001961
6075000005,2025-02-15,37.77149241224461,-122.41852075216154,2,OD001962
6075000033,2025-02-16,37.8002274069888,-122.40163049166885,0,OD001963
6075000005,2025-02-18,37.77249501877804,-122.41297271251486,0,OD001964
6075000035,2025-02-18,37.76397659983631,-122.43016239674537,0,OD001965
6075000014,2025-02-18,37.772787349959394,-122.40374341350751,1,OD001966
6075000006,2025-02-19,37.77833783301136,-122.40733163468614,0,OD001967
6075000040,2025-02-19,37.737806902684596,-122.4194562723747,0,OD001968
6075000040,2025-02-19,37.7355583550098,-122.41700794294968,1,OD001969
6075000004,2025-02-19,37.789938055591215,-122.41345662708721,1,OD001970
6075000029,2025-02-20,37.729585730626695,-122.39873374662153,0,OD001971
6075000038,2025-02-20,37.76928061842214,-122.40444640614102,0,OD001972
6075000020,2025-02-20,37.76750104327068,-122.41222304517109,0,OD001973
6075000029,2025-02-20,37.72099454159075,-122.40744836989171,1,OD001974
6075000023,2025-02-20,37.751911368815584,-122.4001966777142,1,OD001975
6075000025,2025-02-20,37.74697640924416,-122.38944944363244,2,OD001976
6075000019,2025-02-20,37.76634719955563,-122.41988229739383,1,OD001977
6075000001,2025-02-21,37.783810094707206,-122.41655398087882,0,OD001978
6075000008,2025-02-21,37.78044195514029,-122.41952267166293,0,OD001979
6075000029,2025-02-21,37.72724368894092,-122.40075773631295,0,OD001980
6075000005,2025-02-21,37.76944896734829,-122.41217078667681,1,OD001981
6075000017,2025-02-21,37.75715369757038,-122.41040789783602,2,OD001982
6075000029,2025-02-21,37.71289689439513,-122.41130905773201,2,OD001983
6075000029,2025-02-21,37.730869691064186,-122.40420978536557,1,OD001984
6075000040,2025-02-21,37.735432253291116,-122.41851530799701,1,OD001985
6075000046,2025-02-22,37.77627628771479,-122.42724097615346,1,OD001986
6075000010,2025-02-23,37.771393086016985,-122.4070068557946,0,OD001987
6075000011,2025-02-23,37.7820370260902,-122.40265379380993,0,OD001988
6075000001,2025-02-23,37.78558172821506,-122.41356086430952,0,OD001989
6075000029,2025-02-23,37.73064711391233,-122.39793507708727,1,OD001990
6075000040,2025-02-23,37.74166209403886,-122.41538112616432,2,OD001991
6075000033,2025-02-23,37.796733834693605,-122.3982374596603,1,OD001992
6075000021,2025-02-23,37.757728438106724,-122.41574817599374,3,OD001993
6075000011,2025-02-24,37.784821554065964,-122.40406430266913,0,OD001994
6075000013,2025-02-24,37.77841287393986,-122.4016862500245,0,OD001995
6075000004,2025-02-24,37.78563361867505,-122.40882470281518,0,OD001996
6075000008,2025-02-24,37.78190609522284,-122.41558507776323,1,OD001997
6075000004,2025-02-24,37.78989274921478,-122.40994315391491,1,OD001998
6075000006,2025-02-25,37.777829365388456,-122.4054967229879,0,OD001999
6075000007,2025-02-25,37.77994052176888,-122.41035465615349,0,OD002000
6075000040,2025-02-25,37.73392876801942,-122.41519640955602,2,OD002001
6075000008,2025-02-25,37.781829331741704,-122.41443361304249,1,OD002002
6075000040,2025-02-25,37.73064768052004,-122.42271785229728,3,OD002003
6075000040,2025-02-25,37.7386578093133,-122.42641156539436,4,OD002004
6075000002,2025-02-25,37.77679335544645,-122.41483804566784,1,OD002005
6075000041,2025-02-26,37.74209009077765,-122.40049341014551,0,OD002006
6075000018,2025-02-26,37.75583793649457,-122.41103780583965,1,OD002007
6075000013,2025-02-26,37.77754743385983,-122.4006794119564,2,OD002008
6075000015,2025-02-26,37.784922777642755,-122.39592181809303,1,OD002009
6075000041,2025-02-26,37.744074872118055,-122.40975390731273,2,OD002010
6075000004,2025-02-27,37.790863869754276,-122.40799130527849,0,OD002011
6075000036,2025-02-27,37.758033602546384,-122.43501606302206,0,OD002012
6075000024,2025-02-27,37.76359437497086,-122.4118541493567,4,OD002013
6075000043,2025-02-27,37.77272496862144,-122.39024383668425,3,OD002014
6075000012,2025-02-27,37.7777885533895,-122.40563895298887,2,OD002015
6075000019,2025-02-27,37.7635045441442,-122.41668160308998,2,OD002016
6075000015,2025-02-28,37.78521434827289,-122.39224349932724,0,OD002017
6075000024,2025-02-28,37.76242817490167,-122.40976456159352,3,OD002018
6075000038,2025-02-28,37.76926698930181,-122.40651882187512,4,OD002019
6075000040,2025-02-28,37.74534437549066,-122.41812713104342,5,OD002020
6075000027,2025-02-28,37.735853864779415,-122.39591215202314,1,OD002021
6075000009,2025-03-01,37.780670557720164,-122.40658052006266,0,OD002022
6075000047,2025-03-01,37.79871590825717,-122.47825916576399,0,OD002023
6075000003,2025-03-01,37.78829894114668,-122.40850417334755,1,OD002024
6075000007,2025-03-01,37.78349775794356,-122.4077738748885,3,OD002025
6075000001,2025-03-01,37.78299641011331,-122.41521454558979,2,OD002026
6075000038,2025-03-01,37.76749712590714,-122.40747888819392,5,OD002027
6075000011,2025-03-01,37.78613978595037,-122.40310347128778,4,OD002028
6075000008,2025-03-02,37.782443767104866,-122.41808654406084,0,OD002029
6075000016,2025-03-02,37.775490308632406,-122.40852903016365,0,OD002030
6075000041,2025-03-02,37.7435206000242,-122.40903123690873,3,OD002031
6075000038,2025-03-02,37.76386483342635,-122.40363273483776,5,OD002032
6075000042,2025-03-02,37.79307425473949,-122.40691884900792,1,OD002033
6075000038,2025-03-02,37.767773393617404,-122.39379063282072,3,OD002034
6075000029,2025-03-02,37.71335040558002,-122.41763791633097,3,OD002035
6075000013,2025-03-03,37.77786168887297,-122.40459872363814,0,OD002036
6075000011,2025-03-03,37.78256726107106,-122.40294532264791,0,OD002037
6075000008,2025-03-03,37.77974201096557,-122.42044814736944,0,OD002038
6075000043,2025-03-03,37.781272235832084,-122.39956940207621,5,OD002039
6075000015,2025-03-03,37.790977756584,-122.390869778268,5,OD002040
6075000007,2025-03-03,37.78302875574172,-122.4097748235921,1,OD002041
6075000044,2025-03-03,37.797190500709576,-122.41496010609038,2,OD002042
6075000027,2025-03-04,37.73844476635423,-122.39236803489058,0,OD002043
6075000011,2025-03-04,37.783680258095934,-122.40195708776625,0,OD002044
6075000013,2025-03-04,37.778607994150136,-122.40345053771328,0,OD002045
6075000043,2025-03-04,37.776330579766494,-122.39819776880398,6,OD002046
6075000044,2025-03-05,37.79715515229963,-122.42532192037108,0,OD002047
6075000007,2025-03-05,37.78620394188191,-122.40903908833126,0,OD002048
6075000006,2025-03-05,37.77661106158903,-122.4081192331116,0,OD002049
6075000014,2025-03-05,37.77424567575616,-122.40309325550109,0,OD002050
6075000005,2025-03-05,37.77176747271731,-122.41290555174749,0,OD002051
6075000028,2025-03-05,37.755258270275384,-122.38602547333687,1,OD002052
6075000012,2025-03-06,37.77584053826383,-122.4036127482371,0,OD002053
6075000007,2025-03-06,37.785509211903836,-122.4111941293435,1,OD002054
6075000033,2025-03-06,37.795941303447194,-122.3933447063018,6,OD002055
6075000033,2025-03-06,37.80445676815412,-122.40425453077818,3,OD002056
6075000042,2025-03-06,37.795559180326194,-122.40097808454013,5,OD002057
6075000006,2025-03-07,37.77708289791609,-122.40801180253348,0,OD002058
6075000001,2025-03-07,37.783230374731346,-122.41389012764995,1,OD002059
6075000038,2025-03-07,37.77015588747931,-122.39202074923695,4,OD002060
6075000016,2025-03-07,37.77832818266037,-122.40960740788137,1,OD002061
6075000033,2025-03-07,37.80586636854804,-122.403328034881,4,OD002062
6075000003,2025-03-07,37.78822508507706,-122.40776065551607,2,OD002063
6075000009,2025-03-08,37.77907339036113,-122.40948415381413,0,OD002064
6075000029,2025-03-08,37.72600249866685,-122.39948297051706,0,OD002065
6075000016,2025-03-08,37.77625848415588,-122.41101334490443,1,OD002066
6075000033,2025-03-08,37.811478798559335,-122.39654250120468,5,OD002067
6075000019,2025-03-08,37.76982789000764,-122.42249635833528,2,OD002068
6075000033,2025-03-08,37.81764831872473,-122.40180413117302,5,OD002069
6075000029,2025-03-08,37.73367470179139,-122.40442160286013,1,OD002070
6075000019,2025-03-08,37.76765915010765,-122.42337316422517,3,OD002071
6075000008,2025-03-09,37.78020091539181,-122.4189067815551,0,OD002072
6075000011,2025-03-09,37.7824762126661,-122.40117256690571,0,OD002073
6075000018,2025-03-09,37.75582562144927,-122.4131143670722,0,OD002074
6075000010,2025-03-09,37.774205653864875,-122.4086572974185,0,OD002075
6075000016,2025-03-09,37.777796484999065,-122.40962205158577,0,OD002076
6075000040,2025-03-09,37.73094473923688,-122.40993876924674,2,OD002077
6075000022,2025-03-09,37.755737663008816,-122.41598471207641,6,OD002078
6075000002,2025-03-10,37.77579139286657,-122.42349287949277,1,OD002079
6075000002,2025-03-10,37.77942206013624,-122.4187018004453,1,OD002080
6075000011,2025-03-11,37.785785627661305,-122.40131951083399,0,OD002081
6075000018,2025-03-11,37.75550222535395,-122.41132845362227,2,OD002082
6075000029,2025-03-11,37.72463204208073,-122.40103250408103,2,OD002083
6075000013,2025-03-12,37.77890828923389,-122.40404615638869,0,OD002084
6075000011,2025-03-12,37.78476865808607,-122.40361618267215,0,OD002085
6075000033,2025-03-12,37.79887274904971,-122.38769716059961,7,OD002086
6075000001,2025-03-12,37.78405267061911,-122.4129881549922,2,OD002087
6075000033,2025-03-12,37.80320093510392,-122.40237461716949,7,OD002088
6075000036,2025-03-12,37.75258725015803,-122.42538281340622,7,OD002089
6075000012,2025-03-13,37.77683838949247,-122.39948724569427,0,OD002090
6075000014,2025-03-13,37.77277041040435,-122.39988447182189,0,OD002091
6075000003,2025-03-13,37.78871060793966,-122.40879546618814,0,OD002092
6075000038,2025-03-13,37.770241270060794,-122.40303704193627,1,OD002093
6075000030,2025-03-14,37.73392144946122,-122.39216990827632,0,OD002094
6075000002,2025-03-14,37.77724409800407,-122.41839998594794,0,OD002095
6075000008,2025-03-14,37.78680733713976,-122.42052708168946,3,OD002096
6075000019,2025-03-14,37.76050985074595,-122.42039013259863,7,OD002097
6075000015,2025-03-14,37.79326492486051,-122.3873167547426,8,OD002098
6075000003,2025-03-15,37.78754591885271,-122.40701919665136,1,OD002099
6075000033,2025-03-15,37.82209392009276,-122.41437402387508,4,OD002100
6075000004,2025-03-15,37.78995576436736,-122.4125258871976,3,OD002101
6075000042,2025-03-16,37.795121742316795,-122.40077303067964,8,OD002102
6075000004,2025-03-17,37.78903043401235,-122.41012178889198,0,OD002103
6075000011,2025-03-17,37.78358002435109,-122.402047806008,1,OD002104
6075000011,2025-03-17,37.78659943679414,-122.39847898533169,1,OD002105
6075000004,2025-03-18,37.78911585798064,-122.4089556823466,0,OD002106
6075000042,2025-03-18,37.79229922949669,-122.40385717893291,0,OD002107
6075000021,2025-03-18,37.76046411847186,-122.41278635539332,7,OD002108
6075000033,2025-03-18,37.80250142024965,-122.40539453933505,1,OD002109
6075000038,2025-03-18,37.759063301362204,-122.38430338678698,5,OD002110
6075000013,2025-03-18,37.776615968743975,-122.40103257941001,1,OD002111
6075000010,2025-03-19,37.77072146358206,-122.40692193018583,0,OD002112
6075000024,2025-03-19,37.764238660893874,-122.4077315072037,1,OD002113
6075000005,2025-03-19,37.77065268322554,-122.41236430878725,2,OD002114
6075000028,2025-03-19,37.75929319602207,-122.37823067118387,6,OD002115
6075000011,2025-03-20,37.783879112910284,-122.40086169561839,0,OD002116
6075000042,2025-03-20,37.79337267940959,-122.40816720640233,2,OD002117
6075000044,2025-03-20,37.80715345352285,-122.41643554300609,5,OD002118
6075000001,2025-03-20,37.78720852557143,-122.41396506978974,2,OD002119
6075000025,2025-03-21,37.7412744790455,-122.39301519203471,0,OD002120
6075000022,2025-03-21,37.75302883914552,-122.4127425080772,0,OD002121
6075000020,2025-03-21,37.76647269054124,-122.41164846949312,1,OD002122
6075000003,2025-03-22,37.79109968498765,-122.40748607810967,0,OD002123
6075000013,2025-03-22,37.77824532490751,-122.40628109123969,0,OD002124
6075000042,2025-03-22,37.79188431861565,-122.40395054103686,1,OD002125
6075000002,2025-03-23,37.774781227072296,-122.42083946661971,0,OD002126
6075000011,2025-03-23,37.78211824813895,-122.40145990410957,0,OD002127
6075000042,2025-03-23,37.78956548110019,-122.40203579238064,2,OD002128
6075000024,2025-03-24,37.764821701087094,-122.41250582628676,0,OD002129
6075000016,2025-03-24,37.778294551965026,-122.40771385270484,0,OD002130
6075000036,2025-03-24,37.75325501719345,-122.42901922523068,1,OD002131
6075000023,2025-03-24,37.75114140713095,-122.40441302205288,2,OD002132
6075000015,2025-03-24,37.78708956316602,-122.39775333957127,9,OD002133
6075000044,2025-03-24,37.79718659924899,-122.4155145283009,2,OD002134
6075000004,2025-03-24,37.79518830137138,-122.4107640149747,10,OD002135
6075000013,2025-03-25,37.776924378000025,-122.40220045779044,0,OD002136
6075000022,2025-03-25,37.74695602998456,-122.41930827601341,2,OD002137
6075000022,2025-03-25,37.75291286766117,-122.41560222102612,3,OD002138
6075000011,2025-03-26,37.78576927491688,-122.40180422675517,0,OD002139
6075000035,2025-03-26,37.76340679441863,-122.43348921282063,0,OD002140
6075000022,2025-03-26,37.74842333096896,-122.41585959142559,1,OD002141
6075000042,2025-03-28,37.790709920975765,-122.40425587130785,1,OD002142
6075000016,2025-03-29,37.77800110597523,-122.40621834570358,0,OD002143
6075000023,2025-03-29,37.7568522315654,-122.4069024744647,0,OD002144
6075000005,2025-03-29,37.7708586226262,-122.41305348751231,1,OD002145
6075000017,2025-03-29,37.75638463593956,-122.40898817710655,2,OD002146
6075000043,2025-03-30,37.78224897212535,-122.39649191452177,0,OD002147
6075000004,2025-03-30,37.78930148030847,-122.40752802070315,0,OD002148
6075000003,2025-03-30,37.79040522287118,-122.40945103104902,0,OD002149
6075000009,2025-03-30,37.78082860971136,-122.41164008927802,1,OD002150
6075000020,2025-03-30,37.76612360908101,-122.41112403943038,3,OD002151
6075000002,2025-03-30,37.77592554403133,-122.41626059129408,2,OD002152
6075000001,2025-03-30,37.78507111201302,-122.41639246696658,1,OD002153
6075000005,2025-03-30,37.771446531422704,-122.4173435170417,3,OD002154
6075000032,2025-03-31,37.73331014204983,-122.38670623215356,0,OD002155
6075000001,2025-03-31,37.78447884355177,-122.41389828013968,0,OD002156
6075000001,2025-03-31,37.788398067249176,-122.41751814016638,3,OD002157
6075000033,2025-04-01,37.8077369207166,-122.41222732226642,4,OD002158
6075000023,2025-04-02,37.75392761912123,-122.40975388819622,0,OD002159
6075000040,2025-04-02,37.7410858599537,-122.41544050392977,1,OD002160
6075000012,2025-04-03,37.77933950997433,-122.40288185211337,0,OD002161
6075000013,2025-04-03,37.776160942785545,-122.4023360044233,0,OD002162
6075000042,2025-04-03,37.793281598082274,-122.40091611926674,1,OD002163
6075000012,2025-04-04,37.77766231525657,-122.40289673073988,0,OD002164
6075000044,2025-04-04,37.811634611234716,-122.4249074258441,5,OD002165
6075000044,2025-04-04,37.80967325338532,-122.42045227722657,5,OD002166
6075000004,2025-04-04,37.79171525577873,-122.41151107092216,4,OD002167
6075000006,2025-04-04,37.77643249626919,-122.40636640535024,2,OD002168
6075000023,2025-04-05,37.75406036898028,-122.4088928909512,0,OD002169
6075000009,2025-04-05,37.781013040556466,-122.40629295760036,4,OD002170
6075000044,2025-04-05,37.812265871017026,-122.4161762230007,5,OD002171
6075000004,2025-04-06,37.79011838564848,-122.40951971816088,0,OD002172
6075000016,2025-04-06,37.77586401624113,-122.40957827309423,0,OD002173
6075000044,2025-04-06,37.81431540130724,-122.4168761355154,6,OD002174
6075000033,2025-04-06,37.80019138272135,-122.38667303244901,2,OD002175
6075000036,2025-04-07,37.754982399749366,-122.43241696874345,0,OD002176
6075000003,2025-04-07,37.786809642700234,-122.40699629341589,0,OD002177
6075000010,2025-04-08,37.77077038164732,-122.40819580188408,0,OD002178
6075000012,2025-04-08,37.777912242304986,-122.4038953820015,0,OD002179
6075000044,2025-04-08,37.794033221484895,-122.41787040807301,4,OD002180
6075000003,2025-04-09,37.78795333216134,-122.40945966498828,0,OD002181
6075000022,2025-04-09,37.755103260651275,-122.4103789431362,0,OD002182
6075000015,2025-04-09,37.78258766026645,-122.39334870712847,0,OD002183
6075000043,2025-04-09,37.7777775380302,-122.39873949481758,1,OD002184
6075000033,2025-04-09,37.79912499130094,-122.39960339571745,1,OD002185
6075000003,2025-04-10,37.78887426184713,-122.40792632542988,0,OD002186
6075000042,2025-04-10,37.79237998482397,-122.40340124837302,2,OD002187
6075000010,2025-04-11,37.77252422803072,-122.4058655032247,0,OD002188
6075000007,2025-04-11,37.78465669305393,-122.40916200620472,0,OD002189
6075000037,2025-04-11,37.80470645557415,-122.46102045131882,0,OD002190
6075000037,2025-04-11,37.8018490325252,-122.45872929201622,1,OD002191
6075000009,2025-04-12,37.78098658683108,-122.40925515418326,0,OD002192
6075000004,2025-04-12,37.79142791369418,-122.40754157314029,0,OD002193
6075000009,2025-04-12,37.78030892456065,-122.40438128072307,0,OD002194
6075000014,2025-04-12,37.774489482089535,-122.40064181497705,3,OD002195
6075000009,2025-04-12,37.781112317314005,-122.40496439590484,1,OD002196
6075000009,2025-04-12,37.78098347483787,-122.40530225759142,1,OD002197
6075000033,2025-04-12,37.80846227520558,-122.39317200464191,3,OD002198
6075000010,2025-04-12,37.773539803507816,-122.4102798672305,4,OD002199
6075000013,2025-04-13,37.77635636345553,-122.40298929249587,0,OD002200
6075000034,2025-04-13,37.802373943752976,-122.44350052916953,0,OD002201
6075000015,2025-04-13,37.78795056143601,-122.39858998448231,2,OD002202
6075000044,2025-04-13,37.80692117235437,-122.43086047919593,1,OD002203
6075000011,2025-04-14,37.78465771307918,-122.40550343441069,0,OD002204
6075000009,2025-04-14,37.77891273619706,-122.4106922553622,0,OD002205
6075000033,2025-04-14,37.811929041566756,-122.41377232564425,2,OD002206
6075000004,2025-04-14,37.79414197849667,-122.4153451102242,2,OD002207
6075000008,2025-04-15,37.78238485400533,-122.42043441260695,0,OD002208
6075000025,2025-04-15,37.74048114743248,-122.39217406812473,0,OD002209
6075000044,2025-04-15,37.79406865112768,-122.42138727438886,3,OD002210
6075000008,2025-04-16,37.78042783539226,-122.41653113485211,0,OD002211
6075000011,2025-04-16,37.78228744138982,-122.39956805947233,0,OD002212
6075000009,2025-04-16,37.78077651916452,-122.40872192440645,0,OD002213
6075000020,2025-04-16,37.76759937844689,-122.40891522379391,1,OD002214
6075000003,2025-04-16,37.78903570570938,-122.40585512732778,1,OD002215
6075000012,2025-04-17,37.778842445208866,-122.403533746624,0,OD002216
6075000043,2025-04-17,37.77596129086809,-122.3897979587011,2,OD002217
6075000020,2025-04-18,37.76524928309671,-122.41274959759352,0,OD002218
6075000010,2025-04-18,37.77304266942367,-122.41055184475978,0,OD002219
6075000010,2025-04-18,37.771845538750945,-122.40869932078634,2,OD002220
6075000019,2025-04-19,37.76361053642164,-122.41942399595057,0,OD002221
6075000044,2025-04-19,37.802756692636144,-122.41777107540035,2,OD002222
6075000015,2025-04-20,37.78663705107034,-122.38942344624846,0,OD002223
6075000004,2025-04-20,37.78913895133474,-122.40939066665524,0,OD002224
6075000040,2025-04-20,37.7373697709759,-122.41826640111313,0,OD002225
6075000008,2025-04-20,37.782260657920894,-122.41929994336516,0,OD002226
6075000024,2025-04-20,37.76504375314241,-122.4124263054535,0,OD002227
6075000007,2025-04-20,37.78511263547588,-122.409695137863,1,OD002228
6075000033,2025-04-20,37.80233325436386,-122.4115232570069,3,OD002229
6075000044,2025-04-21,37.79611050739924,-122.41771925137373,4,OD002230
6075000044,2025-04-21,37.79148755637109,-122.42149917465846,1,OD002231
6075000003,2025-04-22,37.787084641455884,-122.40930440354136,0,OD002232
6075000013,2025-04-22,37.7757618962892,-122.40285372032203,0,OD002233
6075000046,2025-04-22,37.78658978027375,-122.43264903618815,2,OD002234
6075000034,2025-04-22,37.81057081523707,-122.44675030335308,1,OD002235
6075000015,2025-04-23,37.78494518981062,-122.39060568122726,0,OD002236
6075000020,2025-04-23,37.76723774209503,-122.41533318723721,1,OD002237
6075000024,2025-04-23,37.76404638128113,-122.41581894549803,2,OD002238
6075000015,2025-04-24,37.785790506092894,-122.39187184290762,0,OD002239
6075000044,2025-04-25,37.80841060404696,-122.4199444296031,4,OD002240
6075000044,2025-04-25,37.808613651000194,-122.41556035527863,3,OD002241
6075000001,2025-04-26,37.78479938477326,-122.413663278856,0,OD002242
6075000008,2025-04-26,37.783206049481166,-122.41892414564431,0,OD002243
6075000046,2025-04-26,37.78008166659204,-122.43249944374263,3,OD002244
6075000014,2025-04-26,37.775512847980636,-122.40356476413983,2,OD002245
6075000034,2025-04-26,37.79246086384072,-122.44040224587418,4,OD002246
6075000014,2025-04-26,37.77439919447573,-122.39795118180902,3,OD002247
6075000024,2025-04-26,37.76223913381306,-122.40956282096046,3,OD002248
6075000015,2025-04-27,37.78414808319558,-122.39536449522436,0,OD002249
6075000038,2025-04-27,37.767089562352666,-122.40594823926601,4,OD002250
6075000040,2025-04-28,37.73445447505437,-122.41803370239883,0,OD002251
6075000043,2025-04-28,37.77137765901792,-122.38811726554623,1,OD002252
6075000038,2025-04-29,37.76716001268085,-122.40132713871495,0,OD002253
6075000003,2025-04-29,37.78639593526104,-122.40829715235924,1,OD002254
6075000011,2025-04-29,37.78228171736492,-122.39913243545985,3,OD002255
6075000014,2025-04-30,37.773912681781255,-122.40167236281397,0,OD002256
6075000011,2025-04-30,37.78202762238265,-122.40321992352352,0,OD002257
6075000027,2025-05-01,37.73376634653706,-122.39458820534405,0,OD002258
6075000029,2025-05-01,37.72838380756143,-122.39944767346572,0,OD002259
6075000004,2025-05-01,37.79194200257795,-122.40793028292116,0,OD002260
6075000029,2025-05-01,37.72840967244533,-122.39964901018597,0,OD002261
6075000012,2025-05-01,37.776497037666566,-122.40397910106617,0,OD002262
6075000038,2025-05-01,37.76605770036736,-122.39731747992518,2,OD002263
6075000037,2025-05-01,37.804672859529,-122.46138616130683,2,OD002264
6075000011,2025-05-02,37.78509712853589,-122.4007260850531,0,OD002265
6075000010,2025-05-02,37.77648420332285,-122.41022898285351,0,OD002266
6075000011,2025-05-02,37.78365659976688,-122.40621092879185,1,OD002267
6075000029,2025-05-02,37.72864987971368,-122.41040114663093,1,OD002268
6075000029,2025-05-02,37.73359953018702,-122.40306308469467,1,OD002269
6075000027,2025-05-02,37.73445392292397,-122.40191173722287,2,OD002270
6075000012,2025-05-04,37.7757139219632,-122.40397747121116,0,OD002271
6075000016,2025-05-04,37.77804093377299,-122.40974963418851,2,OD002272
6075000038,2025-05-04,37.76592232843376,-122.39896244820152,1,OD002273
6075000015,2025-05-05,37.783685935598555,-122.3935678342983,0,OD002274
6075000015,2025-05-05,37.78525453052924,-122.3905757929774,1,OD002275
6075000006,2025-05-06,37.77616204035459,-122.40474229345337,0,OD002276
6075000040,2025-05-06,37.73630979379486,-122.4125106302415,2,OD002277
6075000015,2025-05-06,37.784327677263526,-122.39576678247646,2,OD002278
6075000014,2025-05-07,37.77313275894514,-122.40325750248412,0,OD002279
6075000041,2025-05-08,37.74336054111277,-122.40418323501255,0,OD002280
6075000023,2025-05-08,37.7551340556766,-122.41044428672556,0,OD002281
6075000022,2025-05-08,37.7538981226322,-122.41496438467607,0,OD002282
6075000042,2025-05-08,37.793879972526966,-122.40822602195479,3,OD002283
6075000029,2025-05-09,37.72843356102923,-122.40106816700482,0,OD002284
6075000002,2025-05-09,37.77752828586274,-122.42062195663105,0,OD002285
6075000012,2025-05-09,37.7783768363396,-122.4027188447814,0,OD002286
6075000008,2025-05-09,37.78340566291378,-122.41815437058722,1,OD002287
6075000038,2025-05-09,37.768124613044236,-122.39572568528999,2,OD002288
6075000020,2025-05-09,37.76658903125535,-122.41201017797746,1,OD002289
6075000038,2025-05-09,37.77012906677063,-122.39559979595145,1,OD002290
6075000033,2025-05-09,37.800642651519894,-122.41121043460204,4,OD002291
6075000003,2025-05-10,37.79048212711567,-122.40629874487452,0,OD002292
6075000012,2025-05-10,37.7795153208394,-122.40181015639901,0,OD002293
6075000036,2025-05-10,37.759881223800555,-122.43278333733805,0,OD002294
6075000014,2025-05-10,37.77205046988327,-122.40332426066165,3,OD002295
6075000015,2025-05-10,37.78792844569304,-122.3921050035833,4,OD002296
6075000033,2025-05-10,37.79752845866419,-122.40119573928038,5,OD002297
6075000010,2025-05-11,37.774246405879445,-122.40860378322584,0,OD002298
6075000004,2025-05-11,37.78727054196168,-122.40724991874673,0,OD002299
6075000002,2025-05-11,37.77769800353428,-122.4203053612641,0,OD002300
6075000042,2025-05-11,37.79527489795276,-122.39309242539609,1,OD002301
6075000014,2025-05-11,37.77535072413039,-122.40242746681038,1,OD002302
6075000003,2025-05-12,37.79063402234908,-122.41000078977385,0,OD002303
6075000033,2025-05-12,37.800800774444895,-122.41282093976807,4,OD002304
6075000042,2025-05-12,37.79355438745761,-122.40617564350323,4,OD002305
6075000001,2025-05-12,37.78672616239769,-122.41212475851933,1,OD002306
6075000005,2025-05-12,37.7719149081734,-122.41674773705962,1,OD002307
6075000043,2025-05-12,37.77876055938246,-122.38935410462663,4,OD002308
6075000043,2025-05-13,37.77778794132726,-122.39726795074706,0,OD002309
6075000016,2025-05-13,37.77804883658771,-122.40633316209127,0,OD002310
6075000006,2025-05-13,37.77718630875211,-122.40639308027374,0,OD002311
6075000035,2025-05-13,37.770284057629574,-122.42796688470926,1,OD002312
6075000023,2025-05-13,37.750577403520474,-122.40814078768086,1,OD002313
6075000019,2025-05-13,37.76470888801455,-122.41995624975962,2,OD002314
6075000013,2025-05-14,37.776457134211306,-122.40072636216078,1,OD002315
6075000035,2025-05-14,37.76213451201071,-122.42746879757868,2,OD002316
6075000008,2025-05-15,37.78081129047901,-122.42068274588135,0,OD002317
6075000046,2025-05-15,37.778395931620565,-122.42719546155182,1,OD002318
6075000001,2025-05-15,37.78480124366173,-122.41354484599678,1,OD002319
6075000009,2025-05-15,37.779508000197055,-122.41241428821635,1,OD002320
6075000021,2025-05-15,37.76084853617504,-122.41542938857935,3,OD002321
6075000038,2025-05-16,37.7679151298459,-122.40035870220537,0,OD002322
6075000001,2025-05-17,37.78329178457312,-122.41238698972369,0,OD002323
6075000030,2025-05-17,37.73187270569208,-122.38981866360169,0,OD002324
6075000008,2025-05-17,37.781473167630665,-122.41999054020341,0,OD002325
6075000010,2025-05-17,37.77445101676156,-122.40990792032999,0,OD002326
6075000019,2025-05-17,37.76103418214784,-122.42370966654215,3,OD002327
6075000005,2025-05-17,37.77374812296771,-122.41744147428082,1,OD002328
6075000042,2025-05-17,37.79399351853212,-122.40088389638153,1,OD002329
6075000022,2025-05-18,37.75336074936144,-122.41312134288174,0,OD002330
6075000015,2025-05-18,37.784824654658664,-122.3924361226584,0,OD002331
6075000001,2025-05-18,37.787053745895015,-122.41787507061292,2,OD002332
6075000020,2025-05-18,37.76778594923647,-122.40805626075176,1,OD002333
6075000009,2025-05-19,37.7812986625792,-122.40897640512507,0,OD002334
6075000004,2025-05-19,37.78941108152287,-122.40664632368173,0,OD002335
6075000014,2025-05-19,37.77184632451253,-122.40256024834589,0,OD002336
6075000032,2025-05-19,37.732291862524974,-122.383109965971,1,OD002337
6075000011,2025-05-19,37.78281324878452,-122.40515058806008,1,OD002338
6075000035,2025-05-19,37.7631592077182,-122.4277691827727,1,OD002339
6075000011,2025-05-20,37.78425220118644,-122.40331388368674,0,OD002340
6075000002,2025-05-20,37.77714162427011,-122.42079953235557,0,OD002341
6075000005,2025-05-20,37.7741588239608,-122.41265854230906,0,OD002342
6075000007,2025-05-21,37.78560009516435,-122.40937100852514,0,OD002343
6075000001,2025-05-21,37.78467586413997,-122.4118919201782,0,OD002344
6075000001,2025-05-21,37.78300409362265,-122.41411377587906,1,OD002345
6075000046,2025-05-21,37.7887980482933,-122.42726773581545,1,OD002346
6075000014,2025-05-21,37.772076374764545,-122.40390760250567,2,OD002347
6075000002,2025-05-22,37.77789891460643,-122.4201642464179,0,OD002348
6075000006,2025-05-22,37.77503666942854,-122.40433296163654,0,OD002349
6075000011,2025-05-22,37.78491251472878,-122.40361554391002,0,OD002350
6075000013,2025-05-22,37.77546248555415,-122.40492970335154,0,OD002351
6075000014,2025-05-22,37.77499649382848,-122.40273083995936,3,OD002352
6075000036,2025-05-23,37.75798662619605,-122.433666121735,0,OD002353
6075000001,2025-05-23,37.788019347122514,-122.41395583706877,0,OD002354
6075000005,2025-05-23,37.77165378394195,-122.41463539286079,2,OD002355
6075000046,2025-05-23,37.777733991931605,-122.42833170674822,1,OD002356
6075000009,2025-05-23,37.78208515782374,-122.40656747948054,2,OD002357
6075000042,2025-05-23,37.79360416692388,-122.40532775148908,1,OD002358
6075000008,2025-05-24,37.78137673226993,-122.41935705551126,0,OD002359
6075000030,2025-05-24,37.732772124854506,-122.39209783003562,0,OD002360
6075000004,2025-05-24,37.79208106912671,-122.40826479451098,0,OD002361
6075000045,2025-05-24,37.76133387891409,-122.43444523492538,0,OD002362
6075000005,2025-05-24,37.76971732912141,-122.41387945057457,2,OD002363
6075000033,2025-05-24,37.79637767703763,-122.39759499665283,1,OD002364
6075000016,2025-05-25,37.77799481966631,-122.40916837309085,0,OD002365
6075000011,2025-05-25,37.781580294009345,-122.40186926098393,1,OD002366
6075000046,2025-05-25,37.78161039290767,-122.43283402309521,2,OD002367
6075000014,2025-05-25,37.775753836954316,-122.40445664900379,3,OD002368
6075000005,2025-05-26,37.771892687826394,-122.41329074127023,0,OD002369
6075000046,2025-05-26,37.78607098915253,-122.42606206807173,2,OD002370
6075000002,2025-05-26,37.775972631792534,-122.42459217712798,1,OD002371
6075000046,2025-05-26,37.781004606048754,-122.42385232079735,2,OD002372
6075000020,2025-05-26,37.76667145196358,-122.41082879337516,3,OD002373
6075000009,2025-05-28,37.782329387126815,-122.40625712476974,0,OD002374
6075000015,2025-05-28,37.78412633672896,-122.39347746874533,0,OD002375
6075000017,2025-05-28,37.75879500636301,-122.40708026867671,2,OD002376
6075000002,2025-05-28,37.779494755823784,-122.41559822854302,1,OD002377
6075000045,2025-05-28,37.75873522090917,-122.43596946036284,1,OD002378
6075000017,2025-05-29,37.759931965870045,-122.40126809916056,1,OD002379
6075000036,2025-05-29,37.75528573716226,-122.428060053992,2,OD002380
6075000035,2025-05-29,37.764598794382664,-122.4297175873915,3,OD002381
6075000002,2025-05-30,37.77705861007305,-122.41761616604414,0,OD002382
6075000014,2025-05-30,37.7737188342363,-122.40128241287128,0,OD002383
6075000042,2025-05-30,37.79348028681134,-122.40452236453412,1,OD002384
6075000043,2025-05-30,37.775189698480915,-122.39325860414594,1,OD002385
6075000016,2025-05-31,37.77998186952225,-122.4084199370711,0,OD002386
6075000046,2025-05-31,37.78515527769916,-122.42371856095163,1,OD002387
6075000014,2025-05-31,37.773804877189605,-122.39608078864613,1,OD002388
6075000008,2025-05-31,37.78730735117365,-122.42104106895759,1,OD002389
6075000005,2025-05-31,37.77242920007137,-122.41939048790495,2,OD002390
6075000005,2025-06-01,37.77137100297835,-122.41845124779185,1,OD002391
6075000043,2025-06-01,37.77847016316158,-122.397838090779,2,OD002392
6075000009,2025-06-01,37.77970205194417,-122.4112594809,3,OD002393
6075000046,2025-06-01,37.776595267323565,-122.42787002637918,2,OD002394
6075000017,2025-06-02,37.755490721637,-122.41400529746667,0,OD002395
6075000008,2025-06-04,37.782164809637315,-122.41872749938334,0,OD002396
6075000024,2025-06-04,37.76133228820253,-122.41075121452714,2,OD002397
6075000030,2025-06-05,37.73258134802371,-122.39026863840326,0,OD002398
6075000014,2025-06-06,37.77433261629068,-122.40207118894249,0,OD002399
6075000015,2025-06-06,37.78703447750387,-122.39338560309601,0,OD002400
6075000009,2025-06-06,37.78255116528634,-122.40732975620284,0,OD002401
6075000006,2025-06-06,37.77824348667311,-122.41041990546945,0,OD002402
6075000002,2025-06-06,37.77354748639081,-122.42636559689566,3,OD002403
6075000038,2025-06-06,37.77080434093977,-122.39548696286487,1,OD002404
6075000012,2025-06-07,37.779620699022466,-122.4051209811051,0,OD002405
6075000008,2025-06-07,37.778752803915104,-122.41876701516111,0,OD002406
6075000001,2025-06-07,37.78706930819097,-122.41575816355316,4,OD002407
6075000038,2025-06-07,37.760163829538236,-122.385691318729,2,OD002408
6075000009,2025-06-08,37.78085741755377,-122.4066819044482,0,OD002409
6075000011,2025-06-08,37.78517121084235,-122.40436488229943,0,OD002410
6075000008,2025-06-08,37.78220920913144,-122.42104316842476,0,OD002411
6075000016,2025-06-08,37.77826987345195,-122.4079060323429,1,OD002412
6075000038,2025-06-08,37.76199098043318,-122.38131830492965,3,OD002413
6075000011,2025-06-08,37.78469968844495,-122.406140389327,1,OD002414
6075000011,2025-06-09,37.78295353476122,-122.40051324483555,2,OD002415
6075000011,2025-06-09,37.78308967106834,-122.40529340402514,4,OD002416
6075000028,2025-06-10,37.73907454757564,-122.38081108585561,0,OD002417
6075000010,2025-06-10,37.77239643429143,-122.4078449930684,0,OD002418
6075000008,2025-06-10,37.78138972909788,-122.41541485035701,0,OD002419
6075000014,2025-06-10,37.774009452825396,-122.39917528676175,1,OD002420
6075000007,2025-06-11,37.786000879889045,-122.4122146637789,0,OD002421
6075000016,2025-06-11,37.7767121536381,-122.40869854874762,0,OD002422
6075000003,2025-06-11,37.79023204888889,-122.41096310306575,0,OD002423
6075000013,2025-06-11,37.77671279293494,-122.40123136235441,1,OD002424
6075000005,2025-06-11,37.77032478663612,-122.41687124985668,1,OD002425
6075000016,2025-06-11,37.77807573632975,-122.40658193506253,1,OD002426
6075000013,2025-06-12,37.779442432331464,-122.4020913916463,0,OD002427
6075000036,2025-06-12,37.75802045783933,-122.4347153425599,0,OD002428
6075000038,2025-06-12,37.76052906920249,-122.39005905660642,3,OD002429
6075000004,2025-06-13,37.78765628347622,-122.4100152735705,0,OD002430
6075000008,2025-06-13,37.78429560582146,-122.42076772297777,0,OD002431
6075000013,2025-06-13,37.77496052442603,-122.40347610768208,0,OD002432
6075000023,2025-06-13,37.756142887560806,-122.41117064434873,0,OD002433
6075000013,2025-06-13,37.77381707268594,-122.40438876454706,0,OD002434
6075000038,2025-06-13,37.766379665842145,-122.38789699199675,4,OD002435
6075000033,2025-06-13,37.79656690159852,-122.41047062768729,1,OD002436
6075000012,2025-06-14,37.77804671579092,-122.403705715943,0,OD002437
6075000022,2025-06-14,37.74964003954668,-122.42407522752605,1,OD002438
6075000038,2025-06-14,37.768860712938164,-122.40434245028275,1,OD002439
6075000002,2025-06-14,37.7736843135699,-122.42518029835658,1,OD002440
6075000002,2025-06-14,37.77717564536696,-122.41452068353469,2,OD002441
6075000004,2025-06-14,37.789822612137726,-122.40964813496655,1,OD002442
6075000005,2025-06-15,37.76898382334427,-122.41608081898345,0,OD002443
6075000011,2025-06-15,37.786514008615185,-122.4042028188817,0,OD002444
6075000002,2025-06-16,37.77703596697101,-122.416620753981,0,OD002445
6075000010,2025-06-16,37.77469014599294,-122.40743553226187,0,OD002446
6075000024,2025-06-16,37.76412971075641,-122.41402589314323,1,OD002447
6075000038,2025-06-16,37.770011285925605,-122.40455807599379,2,OD002448
6075000010,2025-06-17,37.7716399885341,-122.40786751629395,0,OD002449
6075000044,2025-06-17,37.80329479781472,-122.41570112824829,2,OD002450
6075000006,2025-06-18,37.77803505160113,-122.40595617991289,0,OD002451
6075000040,2025-06-18,37.73821884165344,-122.4170649849407,0,OD002452
6075000040,2025-06-18,37.74357842958351,-122.42964514810612,1,OD002453
6075000009,2025-06-18,37.78022321914342,-122.41321365717197,1,OD002454
6075000006,2025-06-18,37.77590437059849,-122.40792019864382,1,OD002455
6075000007,2025-06-18,37.78285519344762,-122.41107343536194,2,OD002456
6075000013,2025-06-18,37.77775961741855,-122.40103840740227,2,OD002457
6075000006,2025-06-19,37.776750248806955,-122.40907589928906,0,OD002458
6075000004,2025-06-19,37.78803721754657,-122.41121373750329,0,OD002459
6075000016,2025-06-19,37.774722223204336,-122.41140493859257,0,OD002460
6075000015,2025-06-19,37.78484695189608,-122.39280378762504,0,OD002461
6075000010,2025-06-19,37.77424087290253,-122.40705747145117,1,OD002462
6075000009,2025-06-19,37.77921689166735,-122.41075372948136,1,OD002463
6075000009,2025-06-19,37.779577022158605,-122.4089755759937,2,OD002464
6075000015,2025-06-19,37.793978523318984,-122.39273211964726,1,OD002465
6075000017,2025-06-20,37.75745599753131,-122.4086716429165,0,OD002466
6075000010,2025-06-20,37.77384666184672,-122.40600185148703,0,OD002467
6075000019,2025-06-20,37.77044167569464,-122.42378062761574,2,OD002468
6075000010,2025-06-20,37.773295292689106,-122.40982977885635,1,OD002469
6075000044,2025-06-20,37.797567576954705,-122.41732306898389,1,OD002470
6075000024,2025-06-20,37.76444085488414,-122.40762805604061,2,OD002471
6075000020,2025-06-20,37.76624176058305,-122.41093207037564,3,OD002472
6075000007,2025-06-20,37.78464170101462,-122.40951759410076,2,OD002473
6075000002,2025-06-21,37.77601226977188,-122.41856475059406,0,OD002474
6075000007,2025-06-21,37.78536663962353,-122.41091270288031,1,OD002475
6075000019,2025-06-21,37.7643849056714,-122.41623318854194,3,OD002476
6075000019,2025-06-22,37.76394087158413,-122.4174311701407,2,OD002477
6075000010,2025-06-22,37.76973206751813,-122.40738822589296,2,OD002478
6075000038,2025-06-22,37.76770673741219,-122.39920898099308,3,OD002479
6075000035,2025-06-22,37.76311072071672,-122.43087534707253,3,OD002480
6075000030,2025-06-23,37.7334546876028,-122.39041863229473,0,OD002481
6075000010,2025-06-23,37.772604135145215,-122.4109000556738,0,OD002482
6075000042,2025-06-23,37.791308351328404,-122.39626214207526,2,OD002483
6075000020,2025-06-23,37.76848135463717,-122.41182822928664,4,OD002484
6075000010,2025-06-24,37.772875778634344,-122.40847246315496,0,OD002485
6075000035,2025-06-24,37.766395312887305,-122.43082786466252,3,OD002486
6075000005,2025-06-24,37.772961256869806,-122.41405463427682,3,OD002487
6075000036,2025-06-24,37.75613966081728,-122.43424762889217,4,OD002488
6075000015,2025-06-25,37.78151836935477,-122.38904980644031,3,OD002489
6075000012,2025-06-25,37.77909238584676,-122.40513605581016,4,OD002490
6075000030,2025-06-26,37.73343828420771,-122.3890250228711,0,OD002491
6075000016,2025-06-26,37.779640971612,-122.40889507238086,0,OD002492
6075000043,2025-06-26,37.77687405621291,-122.3790097243986,4,OD002493
6075000030,2025-06-27,37.735784413124,-122.38925598298744,0,OD002494
6075000040,2025-06-27,37.73775319729023,-122.41853141955423,0,OD002495
6075000011,2025-06-27,37.78593486240965,-122.39888905369126,0,OD002496
6075000035,2025-06-27,37.767877456254446,-122.43991799720325,5,OD002497
6075000015,2025-06-28,37.78738713013075,-122.38988061109988,0,OD002498
6075000045,2025-06-28,37.759410962420205,-122.43468989670677,0,OD002499
6075000015,2025-06-28,37.78744635798662,-122.39282163808132,0,OD002500
6075000038,2025-06-29,37.76833414147598,-122.4076224416997,2,OD002501
6075000024,2025-06-30,37.76423068836844,-122.40926100244796,3,OD002502
6075000026,2025-07-01,37.734994749277924,-122.37914377291486,0,OD002503
6075000006,2025-07-01,37.776441408828745,-122.40834786156982,0,OD002504
6075000006,2025-07-01,37.776830813378886,-122.4082790308792,0,OD002505
6075000044,2025-07-02,37.801325469518055,-122.42434746163268,0,OD002506
6075000009,2025-07-02,37.77992544521006,-122.40703249980552,0,OD002507
6075000038,2025-07-02,37.764620386120235,-122.39652349770641,3,OD002508
6075000025,2025-07-03,37.738934264644605,-122.39124292869143,0,OD002509
6075000023,2025-07-03,37.7523674528392,-122.40822178839876,0,OD002510
6075000006,2025-07-03,37.777009688557676,-122.40834385973969,0,OD002511
6075000015,2025-07-03,37.78607203612767,-122.39197854319559,0,OD002512
6075000006,2025-07-03,37.776881403890144,-122.40589301222644,0,OD002513
6075000044,2025-07-03,37.80118566927988,-122.42785407246888,1,OD002514
6075000008,2025-07-04,37.78350420341525,-122.41969941690556,0,OD002515
6075000038,2025-07-04,37.77044037468785,-122.40126951192674,0,OD002516
6075000004,2025-07-04,37.79230730017229,-122.41209276569657,1,OD002517
6075000046,2025-07-04,37.786406917007014,-122.42464390223815,2,OD002518
6075000019,2025-07-05,37.76519658632232,-122.41759851278591,0,OD002519
6075000007,2025-07-05,37.78789653495342,-122.41183215862345,0,OD002520
6075000006,2025-07-05,37.774179595041126,-122.40600650973808,1,OD002521
6075000007,2025-07-05,37.78421854184092,-122.41062358903281,1,OD002522
6075000008,2025-07-05,37.784672789764734,-122.4180401788131,1,OD002523
6075000017,2025-07-06,37.75791314410809,-122.41184116308916,0,OD002524
6075000010,2025-07-06,37.77047569723722,-122.4082693958628,0,OD002525
6075000004,2025-07-06,37.7888079793652,-122.41011836704863,0,OD002526
6075000001,2025-07-06,37.783075811229224,-122.415457684926,1,OD002527
6075000006,2025-07-06,37.77698618751511,-122.40695130895544,2,OD002528
6075000007,2025-07-06,37.784509320433074,-122.40713506404887,2,OD002529
6075000026,2025-07-07,37.73681522232618,-122.38170171929052,0,OD002530
6075000005,2025-07-07,37.77157883067557,-122.41547820487077,0,OD002531
6075000006,2025-07-07,37.77457082130547,-122.40908054758039,0,OD002532
6075000010,2025-07-08,37.773040325007415,-122.40920205236307,0,OD002533
6075000046,2025-07-08,37.778942355116556,-122.4229521427214,2,OD002534
6075000020,2025-07-08,37.76707562921793,-122.41327321252972,1,OD002535
6075000017,2025-07-09,37.75775895803419,-122.41029303507989,0,OD002536
6075000002,2025-07-09,37.77678874491059,-122.41954931236813,0,OD002537
6075000040,2025-07-09,37.7326826576174,-122.4214411797413,0,OD002538
6075000017,2025-07-09,37.75795344030555,-122.4086845567242,1,OD002539
6075000036,2025-07-09,37.75435550609535,-122.42724807619219,1,OD002540
6075000023,2025-07-09,37.74944959883384,-122.40542372772758,2,OD002541
6075000022,2025-07-09,37.75003968644721,-122.42502131641099,2,OD002542
6075000003,2025-07-10,37.78771855228241,-122.40869342855663,0,OD002543
6075000012,2025-07-10,37.777547553693815,-122.4027623141575,0,OD002544
6075000025,2025-07-10,37.73976625705887,-122.39318345004169,0,OD002545
6075000007,2025-07-10,37.78423351074411,-122.40770788292978,1,OD002546
6075000025,2025-07-11,37.740571282856486,-122.3923079150382,1,OD002547
6075000028,2025-07-11,37.74155384609972,-122.38611758051674,1,OD002548
6075000016,2025-07-11,37.77602703437302,-122.40996396402508,1,OD002549
6075000003,2025-07-12,37.78691686322794,-122.40664136878084,0,OD002550
6075000025,2025-07-12,37.741071438307166,-122.38836620621682,2,OD002551
6075000006,2025-07-13,37.777222468992704,-122.40564640152509,0,OD002552
6075000048,2025-07-13,37.765411147231546,-122.47253117199656,0,OD002553
6075000044,2025-07-13,37.791613133056075,-122.42420325373355,3,OD002554
6075000004,2025-07-13,37.789886195081365,-122.41232326626579,2,OD002555
6075000032,2025-07-14,37.72979243952953,-122.38695657787336,0,OD002556
6075000006,2025-07-14,37.778985124108914,-122.4043074990888,0,OD002557
6075000042,2025-07-14,37.7931817203582,-122.40476787878266,0,OD002558
6075000046,2025-07-14,37.78243504818304,-122.42524368891853,4,OD002559
6075000040,2025-07-14,37.74403429062132,-122.42298842051298,2,OD002560
6075000033,2025-07-15,37.80074791607222,-122.40341476051853,0,OD002561
6075000004,2025-07-15,37.78850283840883,-122.40704868626004,0,OD002562
6075000010,2025-07-15,37.772678595725495,-122.40740177898745,0,OD002563
6075000001,2025-07-16,37.78336413594135,-122.41517348338375,0,OD002564
6075000014,2025-07-16,37.77383545150085,-122.40382157855757,0,OD002565
6075000014,2025-07-16,37.77164956741094,-122.40376054182586,0,OD002566
6075000029,2025-07-16,37.728325070461516,-122.39968691599051,3,OD002567
6075000004,2025-07-16,37.79574136604614,-122.41140216906787,1,OD002568
6075000044,2025-07-16,37.802632768529044,-122.41338574254276,1,OD002569
6075000043,2025-07-16,37.77539382839946,-122.39199591717279,1,OD002570
6075000011,2025-07-16,37.78815218970668,-122.40025563714354,2,OD002571
6075000033,2025-07-16,37.80235380097938,-122.4079566461324,2,OD002572
6075000008,2025-07-17,37.781135846537005,-122.42124062406403,0,OD002573
6075000004,2025-07-17,37.787329140081034,-122.41069882301639,0,OD002574
6075000008,2025-07-17,37.781216418607194,-122.41867380157433,0,OD002575
6075000036,2025-07-17,37.755153544616455,-122.43178781168395,0,OD002576
6075000038,2025-07-17,37.760805297749734,-122.40192347676958,1,OD002577
6075000035,2025-07-17,37.76448711191941,-122.43117930726386,1,OD002578
6075000038,2025-07-17,37.76894732390487,-122.4057957260096,1,OD002579
6075000008,2025-07-18,37.78141274296265,-122.4166646284565,0,OD002580
6075000002,2025-07-18,37.77844891392816,-122.41920949126069,1,OD002581
6075000010,2025-07-18,37.77074798022486,-122.40672373614495,2,OD002582
6075000016,2025-07-19,37.777611630067206,-122.40738042910407,0,OD002583
6075000044,2025-07-19,37.80102562637402,-122.42176966782706,0,OD002584
6075000028,2025-07-19,37.73689400500117,-122.3825345493136,0,OD002585
6075000011,2025-07-19,37.78566456844414,-122.40302947064235,0,OD002586
6075000003,2025-07-19,37.78758973133395,-122.40785304291957,1,OD002587
6075000029,2025-07-19,37.725996241329355,-122.40375106842919,4,OD002588
6075000003,2025-07-19,37.788238672429145,-122.41008702046119,3,OD002589
6075000046,2025-07-19,37.78617558580657,-122.42464004983563,1,OD002590
6075000014,2025-07-19,37.77326556132673,-122.40468722641863,3,OD002591
6075000032,2025-07-20,37.7352755344064,-122.38746492441707,0,OD002592
6075000008,2025-07-20,37.779904547258226,-122.41849055295953,0,OD002593
6075000014,2025-07-20,37.775566670995104,-122.40166043853972,0,OD002594
6075000038,2025-07-20,37.764458498353015,-122.40434259751835,3,OD002595
6075000048,2025-07-21,37.76446817602101,-122.47165987378655,0,OD002596
6075000035,2025-07-21,37.77415688750076,-122.44066896078213,2,OD002597
6075000017,2025-07-21,37.75881029601276,-122.40956255743643,4,OD002598
6075000012,2025-07-22,37.77630488201801,-122.40830997186126,0,OD002599
6075000031,2025-07-22,37.73311737084351,-122.38924106708654,0,OD002600
6075000048,2025-07-22,37.762202703475054,-122.47685223921475,1,OD002601
6075000035,2025-07-22,37.77098185739419,-122.42922958752995,3,OD002602
6075000029,2025-07-22,37.72689212153204,-122.400930033511,1,OD002603
6075000027,2025-07-22,37.73331829706116,-122.3991358616465,2,OD002604
6075000002,2025-07-23,37.77605497209681,-122.41941126632256,0,OD002605
6075000014,2025-07-23,37.774432614692415,-122.40333929749401,0,OD002606
6075000036,2025-07-23,37.7589886031076,-122.42664141627634,2,OD002607
6075000004,2025-07-24,37.79162449999108,-122.40855933311538,0,OD002608
6075000006,2025-07-24,37.77518769334946,-122.4099145354924,0,OD002609
6075000011,2025-07-24,37.78100292498253,-122.39952352712295,0,OD002610
6075000004,2025-07-24,37.79166592694065,-122.40995294100397,1,OD002611
6075000009,2025-07-25,37.781971161082495,-122.4069634038861,0,OD002612
6075000012,2025-07-25,37.77855907543639,-122.40393668192479,0,OD002613
6075000011,2025-07-26,37.78548273171268,-122.40057500479074,0,OD002614
6075000003,2025-07-26,37.78910346408174,-122.40902270695396,0,OD002615
6075000003,2025-07-27,37.7891231853928,-122.40868027134835,0,OD002616
6075000010,2025-07-27,37.77336642731229,-122.4054725467959,0,OD002617
6075000048,2025-07-27,37.75241441384101,-122.45410536746722,1,OD002618
6075000025,2025-07-27,37.740257434824464,-122.38831358114598,1,OD002619
6075000042,2025-07-27,37.78948586914354,-122.40136020160419,1,OD002620
6075000036,2025-07-28,37.75936926584534,-122.43166335197175,0,OD002621
6075000038,2025-07-28,37.766034050789756,-122.40326531509945,0,OD002622
6075000010,2025-07-28,37.772187806407715,-122.40654466454248,0,OD002623
6075000004,2025-07-28,37.789998770503544,-122.40888843797377,0,OD002624
6075000010,2025-07-28,37.77150329362586,-122.40937359115303,0,OD002625
6075000008,2025-07-28,37.781459708543885,-122.42116953603255,0,OD002626
6075000045,2025-07-28,37.74582939736882,-122.45382397438269,2,OD002627
6075000019,2025-07-28,37.75871861360356,-122.42116672976213,3,OD002628
6075000010,2025-07-28,37.7721268147077,-122.40930307516021,1,OD002629
6075000038,2025-07-28,37.76973748540863,-122.40139585694726,1,OD002630
6075000048,2025-07-28,37.75689207679772,-122.45981436946997,2,OD002631
6075000039,2025-07-28,37.72800390691332,-122.45680498683873,3,OD002632
6075000011,2025-07-29,37.78478510047406,-122.40257958215663,0,OD002633
6075000033,2025-07-29,37.80032984276176,-122.40405449516273,0,OD002634
6075000039,2025-07-29,37.72344050141585,-122.45253071513925,4,OD002635
6075000027,2025-07-30,37.736661565186715,-122.39348238430918,0,OD002636
6075000011,2025-07-30,37.782896266357675,-122.40322137592496,0,OD002637
6075000011,2025-07-30,37.786684196938694,-122.40310321727982,1,OD002638
6075000002,2025-07-31,37.77979454929043,-122.41919099485361,0,OD002639
6075000038,2025-07-31,37.7644115514406,-122.40112280616415,1,OD002640
6075000007,2025-08-01,37.784822937979136,-122.40919542687578,0,OD002641
6075000008,2025-08-01,37.782832435472976,-122.41620846719685,0,OD002642
6075000016,2025-08-01,37.77875902330135,-122.41025049151729,0,OD002643
6075000007,2025-08-01,37.78497004188869,-122.40993792628254,2,OD002644
6075000006,2025-08-01,37.77517170131076,-122.41075446401061,1,OD002645
6075000007,2025-08-02,37.78397280991266,-122.41139527818407,0,OD002646
6075000015,2025-08-02,37.78881743258463,-122.3888139321233,0,OD002647
6075000015,2025-08-03,37.78423768250282,-122.39304924071354,0,OD002648
6075000004,2025-08-03,37.788800267263724,-122.4082360753315,0,OD002649
6075000015,2025-08-03,37.78555029710886,-122.3910325220555,0,OD002650
6075000042,2025-08-03,37.792866053181854,-122.4069492448612,1,OD002651
6075000009,2025-08-04,37.782054474005776,-122.4102157375998,0,OD002652
6075000004,2025-08-04,37.78950554608279,-122.4091591465488,0,OD002653
6075000004,2025-08-04,37.78916272186559,-122.4095438040713,0,OD002654
6075000015,2025-08-04,37.78770987463548,-122.38886991581097,1,OD002655
6075000033,2025-08-04,37.79679551468229,-122.39112260223649,1,OD002656
6075000046,2025-08-05,37.78051869290121,-122.42114047754069,0,OD002657
6075000010,2025-08-05,37.77459315497863,-122.40647972654477,0,OD002658
6075000038,2025-08-05,37.76092003819748,-122.39811034712476,2,OD002659
6075000002,2025-08-05,37.77665221893658,-122.4144121955455,1,OD002660
6075000044,2025-08-05,37.79828898468339,-122.42262232756835,1,OD002661
6075000012,2025-08-06,37.77875644561365,-122.40273944237471,0,OD002662
6075000014,2025-08-06,37.77196381300291,-122.3940547684993,1,OD002663
6075000004,2025-08-07,37.78960463166943,-122.40928954405257,0,OD002664
6075000014,2025-08-07,37.775410114595054,-122.40329289255078,0,OD002665
6075000003,2025-08-07,37.78682370106908,-122.41027408393325,1,OD002666
6075000011,2025-08-07,37.78522265248229,-122.40230904525168,2,OD002667
6075000015,2025-08-08,37.78464404916152,-122.3909702540557,0,OD002668
6075000016,2025-08-08,37.77910020029421,-122.41235291366843,0,OD002669
6075000006,2025-08-08,37.778612941607385,-122.40472536850086,0,OD002670
6075000016,2025-08-08,37.77778553819659,-122.40786548144763,1,OD002671
6075000012,2025-08-09,37.778464330574664,-122.4041094277567,0,OD002672
6075000047,2025-08-09,37.79903817281878,-122.47805096307145,0,OD002673
6075000019,2025-08-09,37.76262500422181,-122.42254790204855,1,OD002674
6075000046,2025-08-09,37.784772527328506,-122.42394380418146,2,OD002675
6075000025,2025-08-09,37.739792190718596,-122.39264909590126,1,OD002676
6075000041,2025-08-09,37.74474433566437,-122.39585410828046,2,OD002677
6075000047,2025-08-09,37.79405308078679,-122.47039464212179,1,OD002678
6075000027,2025-08-10,37.734867475258156,-122.39525936765499,0,OD002679
6075000007,2025-08-10,37.785044106024536,-122.41061642933568,0,OD002680
6075000012,2025-08-10,37.77717266400045,-122.40408397196163,0,OD002681
6075000014,2025-08-10,37.77485687422387,-122.40323300630057,0,OD002682
6075000038,2025-08-10,37.7620292133847,-122.40066828191057,1,OD002683
6075000008,2025-08-10,37.78867257719252,-122.42219182174975,3,OD002684
6075000009,2025-08-11,37.78210942993946,-122.40747151300884,0,OD002685
6075000003,2025-08-11,37.787728283840465,-122.4093159458586,0,OD002686
6075000015,2025-08-11,37.785174330091195,-122.39312339398565,0,OD002687
6075000015,2025-08-11,37.78561850059646,-122.38805394043705,1,OD002688
6075000019,2025-08-11,37.76749042132383,-122.4211796051873,2,OD002689
6075000032,2025-08-11,37.72975327093013,-122.38683632379177,1,OD002690
6075000008,2025-08-12,37.78362198465671,-122.41894338611856,0,OD002691
6075000024,2025-08-12,37.762971593046856,-122.41113815009498,2,OD002692
6075000019,2025-08-13,37.75953452498972,-122.4220124788755,3,OD002693
6075000038,2025-08-14,37.76785334957891,-122.40333483658532,0,OD002694
6075000014,2025-08-14,37.774520219996646,-122.40187886787486,1,OD002695
6075000013,2025-08-15,37.77702946419421,-122.40230486398283,0,OD002696
6075000044,2025-08-15,37.80806879646781,-122.4234469961017,2,OD002697
6075000044,2025-08-15,37.81985028504267,-122.42639979389187,3,OD002698
6075000039,2025-08-16,37.72484627147281,-122.45830818927641,4,OD002699
6075000011,2025-08-17,37.78669132442868,-122.40161831213929,0,OD002700
6075000014,2025-08-17,37.77649454129976,-122.40453500383556,0,OD002701
6075000034,2025-08-18,37.80340771370021,-122.4421604439179,0,OD002702
6075000032,2025-08-18,37.73176995197319,-122.38674588421314,0,OD002703
6075000004,2025-08-19,37.79273524984198,-122.41064484207804,0,OD002704
6075000020,2025-08-19,37.76536638626841,-122.41465370076659,0,OD002705
6075000004,2025-08-19,37.78954810687904,-122.40993903682718,0,OD002706
6075000016,2025-08-19,37.77758098417832,-122.40559264585005,0,OD002707
6075000006,2025-08-19,37.7767289324474,-122.40584359945208,0,OD002708
6075000004,2025-08-19,37.78928563727587,-122.4074330856,0,OD002709
6075000012,2025-08-19,37.77756600457032,-122.40237091548273,0,OD002710
6075000044,2025-08-19,37.82418323721166,-122.42141585882203,4,OD002711
6075000014,2025-08-19,37.7745497936902,-122.40480953849696,1,OD002712
6075000012,2025-08-19,37.77818656500922,-122.40284902891291,1,OD002713
6075000012,2025-08-20,37.77529802780014,-122.40095464316882,0,OD002714
6075000009,2025-08-20,37.78101948564119,-122.40665454508098,0,OD002715
6075000013,2025-08-20,37.77679305702687,-122.40241214204103,0,OD002716
6075000014,2025-08-20,37.7740997309683,-122.40224889717544,0,OD002717
6075000011,2025-08-20,37.78351853801623,-122.40285022476193,0,OD002718
6075000044,2025-08-20,37.82624899690004,-122.42060878216095,4,OD002719
6075000034,2025-08-20,37.79131238840412,-122.44051035513287,1,OD002720
6075000003,2025-08-20,37.788829458848966,-122.40724089313652,1,OD002721
6075000007,2025-08-20,37.78309420880787,-122.41302843672186,1,OD002722
6075000008,2025-08-21,37.780170145225135,-122.4197345980812,0,OD002723
6075000019,2025-08-21,37.76463296870379,-122.41979752302295,0,OD002724
6075000016,2025-08-21,37.77563731717402,-122.4079869232849,0,OD002725
6075000007,2025-08-21,37.78288147810153,-122.40980286132871,0,OD002726
6075000004,2025-08-21,37.788850260849806,-122.40888395054652,2,OD002727
6075000046,2025-08-21,37.77821577845634,-122.43332090597137,2,OD002728
6075000043,2025-08-21,37.773870962252715,-122.39388728581963,1,OD002729
6075000001,2025-08-22,37.78449073770406,-122.41401282758359,0,OD002730
6075000005,2025-08-22,37.77321007938426,-122.41071287773777,1,OD002731
6075000034,2025-08-22,37.791746856117705,-122.44784299991291,2,OD002732
6075000023,2025-08-22,37.75832995524594,-122.39788128062499,1,OD002733
6075000001,2025-08-22,37.785248609965834,-122.41621848936732,1,OD002734
6075000010,2025-08-22,37.770227083305784,-122.40891620616831,1,OD002735
6075000018,2025-08-23,37.75540405190995,-122.41242735357821,0,OD002736
6075000038,2025-08-23,37.766268634609276,-122.39785998618382,2,OD002737
6075000007,2025-08-23,37.78253515055809,-122.41332964627763,1,OD002738
6075000009,2025-08-24,37.78063299098482,-122.40694913493539,0,OD002739
6075000008,2025-08-24,37.78031774616907,-122.41929687804955,0,OD002740
6075000010,2025-08-24,37.77107409476826,-122.40745060408445,0,OD002741
6075000034,2025-08-24,37.816881839885525,-122.43496851317869,5,OD002742
6075000002,2025-08-24,37.77730305588816,-122.41415300566699,1,OD002743
6075000034,2025-08-24,37.80578040317248,-122.44586735433276,1,OD002744
6075000040,2025-08-25,37.73395842379611,-122.41831319934508,0,OD002745
6075000020,2025-08-25,37.76784177619932,-122.41826916433854,0,OD002746
6075000005,2025-08-25,37.77477296174464,-122.41135851324226,1,OD002747
6075000021,2025-08-25,37.75881741272876,-122.4167822979558,1,OD002748
6075000001,2025-08-26,37.78508573144001,-122.41533743032672,0,OD002749
6075000023,2025-08-26,37.75445420900304,-122.39550635213662,2,OD002750
6075000001,2025-08-26,37.78895385208416,-122.42116242312393,2,OD002751
6075000025,2025-08-26,37.75241808627189,-122.39170261562427,2,OD002752
6075000025,2025-08-27,37.754220066660146,-122.38839743183318,3,OD002753
6075000034,2025-08-27,37.787618542373146,-122.45077514142321,2,OD002754
6075000004,2025-08-28,37.78763911736834,-122.40842105493437,0,OD002755
6075000006,2025-08-28,37.778070119204074,-122.40643469216134,0,OD002756
6075000046,2025-08-28,37.77949110021035,-122.42119720538747,2,OD002757
6075000042,2025-08-28,37.79519998545457,-122.40344629710575,3,OD002758
6075000043,2025-08-28,37.78123788172911,-122.39195080887204,1,OD002759
6075000040,2025-08-29,37.73383739348088,-122.42066234613961,0,OD002760
6075000006,2025-08-30,37.77642098022031,-122.40701271944607,0,OD002761
6075000024,2025-08-30,37.76190195854591,-122.41632009027062,0,OD002762
6075000040,2025-08-30,37.73545581831522,-122.41916501793993,0,OD002763
6075000009,2025-08-30,37.78017636296183,-122.4062104840929,1,OD002764
6075000004,2025-08-31,37.791140587481,-122.40751345382844,0,OD002765
6075000024,2025-08-31,37.76428291861055,-122.41339353123581,0,OD002766
6075000024,2025-08-31,37.765327916265065,-122.41150489964765,0,OD002767
6075000008,2025-08-31,37.78217598853354,-122.41983331673737,0,OD002768
6075000019,2025-08-31,37.760500245542566,-122.42474178512465,1,OD002769
6075000023,2025-08-31,37.75631730766927,-122.3921761494354,3,OD002770
6075000009,2025-08-31,37.781553718514346,-122.40599984902106,1,OD002771
6075000033,2025-08-31,37.79862235580913,-122.4038098861503,1,OD002772
6075000016,2025-09-01,37.777978970901906,-122.40652109358392,0,OD002773
6075000042,2025-09-01,37.791102391346755,-122.40210687100624,1,OD002774
6075000042,2025-09-01,37.7953558166678,-122.40517419031997,1,OD002775
6075000042,2025-09-01,37.794465529821025,-122.40452912534136,3,OD002776
6075000042,2025-09-01,37.79086193415471,-122.39872647365424,4,OD002777
6075000007,2025-09-02,37.78257430050384,-122.40893080759754,0,OD002778
6075000001,2025-09-02,37.789068625190176,-122.41439206716316,2,OD002779
6075000014,2025-09-03,37.77546070087941,-122.402858287513,0,OD002780
6075000033,2025-09-03,37.79622433632331,-122.39534613355481,4,OD002781
6075000005,2025-09-04,37.77319536024447,-122.41574377981152,0,OD002782
6075000013,2025-09-04,37.777065033050945,-122.4015060242872,0,OD002783
6075000006,2025-09-06,37.7747443582762,-122.40733840560705,0,OD002784
6075000013,2025-09-06,37.77781957009308,-122.40381051668489,0,OD002785
6075000035,2025-09-06,37.76346007752113,-122.42760948677314,1,OD002786
6075000008,2025-09-06,37.78045878325771,-122.41885800669839,1,OD002787
6075000009,2025-09-07,37.780671128565544,-122.40931546677479,0,OD002788
6075000008,2025-09-07,37.78216091999509,-122.42018442380066,0,OD002789
6075000036,2025-09-07,37.759982403713316,-122.43104349955702,0,OD002790
6075000045,2025-09-07,37.7592859586535,-122.43724874234162,2,OD002791
6075000012,2025-09-08,37.77845137225037,-122.40106430162373,0,OD002792
6075000004,2025-09-08,37.79267150710891,-122.40961756763068,0,OD002793
6075000015,2025-09-09,37.78592052361656,-122.39385750128905,0,OD002794
6075000002,2025-09-09,37.77890549226806,-122.4207482892648,0,OD002795
6075000018,2025-09-09,37.75520577567378,-122.40766785377384,0,OD002796
6075000010,2025-09-09,37.773815624317585,-122.40629145685125,1,OD002797
6075000005,2025-09-09,37.774919012920925,-122.41521939411437,1,OD002798
6075000004,2025-09-10,37.790095883635225,-122.40891724812559,0,OD002799
6075000036,2025-09-10,37.75590717429205,-122.42465938668201,1,OD002800
6075000013,2025-09-11,37.780128338288534,-122.40426777929241,0,OD002801
6075000010,2025-09-11,37.77253408815639,-122.4102421591533,0,OD002802
6075000012,2025-09-11,37.776612452633586,-122.40331913771703,0,OD002803
6075000012,2025-09-11,37.777074172692835,-122.40380017504782,0,OD002804
6075000021,2025-09-11,37.75893278943104,-122.41225965608403,1,OD002805
6075000044,2025-09-11,37.797226537914014,-122.41874412402876,2,OD002806
6075000035,2025-09-11,37.76259376337091,-122.43453105429879,1,OD002807
6075000022,2025-09-11,37.75523882400285,-122.41432738616535,2,OD002808
6075000024,2025-09-11,37.764007391537675,-122.41021523309153,1,OD002809
6075000040,2025-09-12,37.733280755007996,-122.41812642635651,0,OD002810
6075000011,2025-09-12,37.783943237317324,-122.40388655457403,0,OD002811
6075000015,2025-09-12,37.785644449660325,-122.38987834306337,0,OD002812
6075000033,2025-09-12,37.80178374177961,-122.40665549094646,1,OD002813
6075000008,2025-09-13,37.781859517534244,-122.42166082790011,0,OD002814
6075000009,2025-09-13,37.77868508504611,-122.40798450368867,0,OD002815
6075000006,2025-09-13,37.77803510205072,-122.4094982507982,0,OD002816
6075000006,2025-09-13,37.77467083908924,-122.4067801961258,0,OD002817
6075000009,2025-09-13,37.78409792688496,-122.41125053046325,0,OD002818
6075000008,2025-09-13,37.784060291001175,-122.4176564724653,1,OD002819
6075000007,2025-09-13,37.78422727000051,-122.41129067488268,1,OD002820
6075000029,2025-09-14,37.7140414726318,-122.4103753326067,1,OD002821
6075000015,2025-09-14,37.78324037183281,-122.38093374544235,1,OD002822
6075000009,2025-09-15,37.7799614572604,-122.40816420461752,0,OD002823
6075000035,2025-09-15,37.76187170718488,-122.42770060039722,2,OD002824
6075000032,2025-09-16,37.73558885729767,-122.38480264969273,0,OD002825
6075000004,2025-09-16,37.791085802987716,-122.40905873762898,0,OD002826
6075000002,2025-09-16,37.77608018696127,-122.4154956883735,1,OD002827
6075000023,2025-09-17,37.75568424899608,-122.40869514169367,3,OD002828
6075000042,2025-09-17,37.793218421420846,-122.39785539934498,1,OD002829
6075000011,2025-09-18,37.78405212001753,-122.40060745691702,0,OD002830
6075000005,2025-09-19,37.7748108123664,-122.41418615419424,0,OD002831
6075000013,2025-09-19,37.77497495005646,-122.40730565871348,0,OD002832
6075000007,2025-09-20,37.78501194515103,-122.41280714836606,0,OD002833
6075000004,2025-09-20,37.78955101259413,-122.40762881170478,0,OD002834
6075000038,2025-09-20,37.762750125755495,-122.39181819246632,1,OD002835
6075000017,2025-09-20,37.758219037734264,-122.40965865257178,4,OD002836
6075000009,2025-09-21,37.77990085806784,-122.407674804847,0,OD002837
6075000004,2025-09-21,37.78720164033712,-122.40722302313561,0,OD002838
6075000001,2025-09-21,37.78922617777333,-122.4157550727245,1,OD002839
6075000020,2025-09-22,37.76860776555979,-122.41312072918736,0,OD002840
6075000014,2025-09-22,37.773677753557,-122.4014449291341,0,OD002841
6075000005,2025-09-22,37.77451919464064,-122.41467508490082,2,OD002842
6075000015,2025-09-22,37.78431395909604,-122.3923727558999,1,OD002843
6075000007,2025-09-23,37.78410825982025,-122.40788513216415,0,OD002844
6075000011,2025-09-23,37.78294418264146,-122.40083166465107,0,OD002845
6075000008,2025-09-23,37.783471689527005,-122.41694603844233,0,OD002846
6075000036,2025-09-23,37.75738318036263,-122.43485129827987,0,OD002847
6075000011,2025-09-23,37.7866694013016,-122.40280112014278,0,OD002848
6075000016,2025-09-23,37.776654495237246,-122.40810891189395,1,OD002849
6075000014,2025-09-23,37.77499447777788,-122.39954271493647,2,OD002850
6075000024,2025-09-24,37.761711104707445,-122.41519790019294,0,OD002851
6075000021,2025-09-24,37.75790243707477,-122.41995719880913,1,OD002852
6075000040,2025-09-24,37.74317156249249,-122.42966331203957,1,OD002853
6075000001,2025-09-24,37.79113173014513,-122.41733152953674,2,OD002854
6075000036,2025-09-24,37.75126453894985,-122.42824251576567,2,OD002855
6075000036,2025-09-24,37.74711756939185,-122.4323883392649,3,OD002856
6075000016,2025-09-25,37.776902198272325,-122.40763175078686,0,OD002857
6075000006,2025-09-25,37.77586864333975,-122.40850702678445,0,OD002858
6075000031,2025-09-25,37.73291283839786,-122.38874926762276,0,OD002859
6075000019,2025-09-25,37.76497172709385,-122.42196439655694,0,OD002860
6075000038,2025-09-25,37.76455174621766,-122.39577106596991,1,OD002861
6075000029,2025-09-25,37.71626133246988,-122.38693451689915,1,OD002862
6075000022,2025-09-25,37.74817094770292,-122.42159566085891,3,OD002863
6075000036,2025-09-25,37.746870880677875,-122.43053158164841,3,OD002864
6075000039,2025-09-25,37.72623563013875,-122.42963946970009,4,OD002865
6075000027,2025-09-26,37.73813748545376,-122.39462469030671,0,OD002866
6075000009,2025-09-26,37.779691458767104,-122.40792269823913,0,OD002867
6075000038,2025-09-26,37.7681249190796,-122.40310046477052,0,OD002868
6075000015,2025-09-27,37.78359844606958,-122.39036845841093,1,OD002869
6075000015,2025-09-27,37.78806158137012,-122.39088780060591,2,OD002870
6075000038,2025-09-27,37.76820048966151,-122.39620986761476,3,OD002871
6075000016,2025-09-29,37.77990228004496,-122.41188146616653,0,OD002872
6075000035,2025-09-29,37.76186471627759,-122.43026358177825,3,OD002873
6075000010,2025-09-29,37.77316835249586,-122.40561625263128,1,OD002874
6075000017,2025-09-30,37.75528733926394,-122.40811472601797,0,OD002875
6075000008,2025-09-30,37.783191921146624,-122.41781767828004,3,OD002876
6075000027,2025-09-30,37.73826648949765,-122.39275889157013,1,OD002877
6075000018,2025-10-01,37.7560914843151,-122.41303869919831,0,OD002878
6075000014,2025-10-02,37.77330580746514,-122.40477030879629,0,OD002879
6075000015,2025-10-02,37.78699427898703,-122.3916524048594,0,OD002880
6075000012,2025-10-02,37.77844106441776,-122.40395682075054,0,OD002881
6075000036,2025-10-02,37.75164142481453,-122.425656955613,1,OD002882
6075000015,2025-10-02,37.79160770725785,-122.39157322975748,1,OD002883
6075000017,2025-10-02,37.7579386334224,-122.41203953856198,1,OD002884
6075000008,2025-10-03,37.78292556447387,-122.41906239032899,0,OD002885
6075000015,2025-10-03,37.7944358550932,-122.38086910361275,2,OD002886
6075000019,2025-10-03,37.76487398644333,-122.42058156161097,2,OD002887
6075000038,2025-10-03,37.76375065266366,-122.40646588512568,2,OD002888
6075000008,2025-10-04,37.77967336798567,-122.41934658008039,0,OD002889
6075000023,2025-10-04,37.752486765912685,-122.40822734126832,2,OD002890
6075000014,2025-10-05,37.77595077506758,-122.40375666782232,0,OD002891
6075000026,2025-10-05,37.73451548469881,-122.37973325442826,0,OD002892
6075000006,2025-10-06,37.77668752642732,-122.40584700086923,0,OD002893
6075000013,2025-10-06,37.77790080453771,-122.4048841864739,0,OD002894
6075000044,2025-10-06,37.79951614450141,-122.42116274748959,0,OD002895
6075000013,2025-10-06,37.77596790734468,-122.40150685970636,0,OD002896
6075000031,2025-10-06,37.7350416304977,-122.3890585713035,0,OD002897
6075000044,2025-10-06,37.80575743101967,-122.41373597035344,1,OD002898
6075000012,2025-10-06,37.77873253544867,-122.40203087499499,1,OD002899
6075000010,2025-10-07,37.77483497211752,-122.4081497899062,0,OD002900
6075000001,2025-10-07,37.78292464809477,-122.4151416372206,0,OD002901
6075000010,2025-10-07,37.77196476269777,-122.40858844252574,0,OD002902
6075000002,2025-10-07,37.774479994746926,-122.42138175683367,1,OD002903
6075000011,2025-10-07,37.78591533530032,-122.40025867084842,2,OD002904
6075000005,2025-10-07,37.775766741881625,-122.41329483161964,2,OD002905
6075000006,2025-10-07,37.77566979861258,-122.4083411433828,1,OD002906
6075000010,2025-10-07,37.770712333600336,-122.40848804884637,1,OD002907
6075000040,2025-10-08,37.737458955782934,-122.41699903855971,0,OD002908
6075000011,2025-10-08,37.784439458911095,-122.40570981404893,0,OD002909
6075000023,2025-10-08,37.75496624482036,-122.41018420964744,0,OD002910
6075000041,2025-10-08,37.73621104666647,-122.40606544766841,1,OD002911
6075000011,2025-10-08,37.78802723688848,-122.40063211130152,1,OD002912
6075000015,2025-10-09,37.78676298682637,-122.39290806395998,0,OD002913
6075000040,2025-10-09,37.739902561830576,-122.42615368922787,1,OD002914
6075000043,2025-10-09,37.78028130114525,-122.39176525472745,2,OD002915
6075000006,2025-10-09,37.775885558688664,-122.40694541873435,2,OD002916
6075000008,2025-10-10,37.78435467603983,-122.42028480091089,0,OD002917
6075000047,2025-10-10,37.79610423771267,-122.47664409889228,0,OD002918
6075000015,2025-10-10,37.8001278930159,-122.37707796850292,3,OD002919
6075000010,2025-10-10,37.77276059853774,-122.40535554503182,1,OD002920
6075000013,2025-10-11,37.77705137815848,-122.40501340991919,0,OD002921
6075000022,2025-10-11,37.7550759044323,-122.41198039074311,0,OD002922
6075000033,2025-10-11,37.808704577798274,-122.37845706376133,4,OD002923
6075000004,2025-10-11,37.795618956209324,-122.41376588855024,1,OD002924
6075000033,2025-10-11,37.79897364496651,-122.38751286281516,1,OD002925
6075000015,2025-10-12,37.78583685700438,-122.39400876751294,0,OD002926
6075000029,2025-10-12,37.72733361995095,-122.39989782573385,0,OD002927
6075000004,2025-10-13,37.78777503062015,-122.41040296115833,0,OD002928
6075000011,2025-10-13,37.78002326608729,-122.40392090825266,0,OD002929
6075000029,2025-10-13,37.71496046267778,-122.3976970348456,1,OD002930
6075000033,2025-10-13,37.79970296750219,-122.41115163524285,3,OD002931
6075000038,2025-10-13,37.77064957823269,-122.40069487354592,3,OD002932
6075000041,2025-10-14,37.74344462233117,-122.40249796137145,0,OD002933
6075000038,2025-10-14,37.76830852448221,-122.40424272126108,0,OD002934
6075000008,2025-10-14,37.78085350496364,-122.41779191568574,0,OD002935
6075000008,2025-10-14,37.78257874979441,-122.42211698773086,0,OD002936
6075000015,2025-10-14,37.78567447307997,-122.3842913628765,3,OD002937
6075000009,2025-10-15,37.78306420874041,-122.40809745651022,0,OD002938
6075000029,2025-10-15,37.72879182413788,-122.40765452324301,1,OD002939
6075000015,2025-10-15,37.7846215593335,-122.37345396161098,4,OD002940
6075000038,2025-10-15,37.76851277649823,-122.40750324254626,4,OD002941
6075000001,2025-10-15,37.78609163687238,-122.41399994666152,1,OD002942
6075000022,2025-10-17,37.75477299009572,-122.41175443785787,0,OD002943
6075000010,2025-10-17,37.77306774054097,-122.40810049754509,0,OD002944
6075000015,2025-10-17,37.78635814569231,-122.37137357933649,5,OD002945
6075000011,2025-10-17,37.784904507892726,-122.40273853299827,1,OD002946
6075000004,2025-10-19,37.79009230324585,-122.40658897873736,0,OD002947
6075000004,2025-10-19,37.78806261823917,-122.41140208177772,0,OD002948
6075000003,2025-10-19,37.78789960607773,-122.40719500791039,1,OD002949
6075000004,2025-10-20,37.78894084091131,-122.41235392855008,0,OD002950
6075000008,2025-10-20,37.783201155786685,-122.42049656408882,1,OD002951
6075000001,2025-10-20,37.78791115780575,-122.420439619427,1,OD002952
6075000011,2025-10-20,37.78418737729951,-122.40401262280751,1,OD002953
6075000043,2025-10-20,37.77371897640367,-122.39124770781429,3,OD002954
6075000007,2025-10-22,37.78325091603765,-122.41120088660296,0,OD002955
6075000041,2025-10-22,37.746525037809796,-122.40125039392825,1,OD002956
6075000043,2025-10-22,37.779099206605515,-122.39813181084301,1,OD002957
6075000012,2025-10-23,37.77655525874485,-122.40368943230203,0,OD002958
6075000004,2025-10-23,37.788879918479,-122.40971111741808,0,OD002959
6075000033,2025-10-23,37.79812421673545,-122.41106949811747,1,OD002960
6075000042,2025-10-23,37.788757325835505,-122.40052439789055,2,OD002961
6075000001,2025-10-23,37.78706196138932,-122.41836036067103,1,OD002962
6075000015,2025-10-23,37.787170714983795,-122.39674887610849,3,OD002963
6075000039,2025-10-24,37.73189629204528,-122.43613318134831,0,OD002964
6075000031,2025-10-24,37.73290061532083,-122.38794144572468,0,OD002965
6075000004,2025-10-24,37.78955983287797,-122.41036928870989,1,OD002966
6075000012,2025-10-24,37.779428754795035,-122.40453781595457,1,OD002967
6075000040,2025-10-24,37.73723438405874,-122.42401462339292,1,OD002968
6075000040,2025-10-24,37.73719463233065,-122.41421272842821,2,OD002969
6075000039,2025-10-25,37.72606494070216,-122.43252225808678,1,OD002970
6075000032,2025-10-25,37.725475493735196,-122.38541254337112,1,OD002971
6075000004,2025-10-26,37.7921090065404,-122.4095841885684,0,OD002972
6075000015,2025-10-26,37.78419737571147,-122.39169200437352,0,OD002973
6075000012,2025-10-26,37.77810180222195,-122.39960788206047,0,OD002974
6075000008,2025-10-26,37.783634811821095,-122.41915456012408,0,OD002975
6075000032,2025-10-26,37.730492381620955,-122.38681168403397,2,OD002976
6075000022,2025-10-26,37.746675739949616,-122.42193508050053,2,OD002977
6075000002,2025-10-26,37.77398732695071,-122.41930420754858,1,OD002978
6075000007,2025-10-27,37.78425408162985,-122.40849364822962,0,OD002979
6075000024,2025-10-27,37.764552804538404,-122.41418576830179,0,OD002980
6075000034,2025-10-27,37.804781346760606,-122.44490756027086,0,OD002981
6075000005,2025-10-27,37.77283766484917,-122.41221776844469,0,OD002982
6075000004,2025-10-27,37.78928083810253,-122.40917926594038,0,OD002983
6075000030,2025-10-27,37.73371023414095,-122.39000183040105,1,OD002984
6075000007,2025-10-28,37.78419467175612,-122.41049108682232,0,OD002985
6075000006,2025-10-28,37.774289453772774,-122.4058197751423,0,OD002986
6075000023,2025-10-28,37.754953938468205,-122.40864449788185,0,OD002987
6075000032,2025-10-28,37.72903497834959,-122.3886558630312,2,OD002988
6075000032,2025-10-28,37.726554736951535,-122.38502384274975,2,OD002989
6075000008,2025-10-29,37.78103421039138,-122.41878445756527,0,OD002990
6075000016,2025-10-29,37.778687166468735,-122.40779696630041,1,OD002991
6075000033,2025-10-29,37.80008288736935,-122.41146271337745,1,OD002992
6075000014,2025-10-30,37.77243001303258,-122.40128236705836,0,OD002993
6075000015,2025-10-30,37.7833797621818,-122.38854188695662,2,OD002994
6075000006,2025-10-31,37.77491380705015,-122.4070161420564,0,OD002995
6075000013,2025-10-31,37.780824846679856,-122.40305889442187,0,OD002996
6075000006,2025-10-31,37.77875617925553,-122.4085444167815,0,OD002997
6075000029,2025-10-31,37.72020505304287,-122.38778750481372,3,OD002998
6075000015,2025-10-31,37.79297047131069,-122.39099660432272,1,OD002999
6075000019,2025-10-31,37.76605261257057,-122.42170422242387,1,OD003000
6075000009,2025-11-01,37.78161520089017,-122.4091893755111,0,OD003001
6075000010,2025-11-02,37.77290696416354,-122.40501088521395,2,OD003002
6075000035,2025-11-02,37.77001508945366,-122.43243013501132,2,OD003003
6075000016,2025-11-03,37.77667198204628,-122.4097086520126,0,OD003004
6075000035,2025-11-03,37.761585959542316,-122.43286412243211,3,OD003005
6075000045,2025-11-04,37.76374765835194,-122.43144652914532,0,OD003006
6075000012,2025-11-04,37.777379421123314,-122.40110888107856,0,OD003007
6075000004,2025-11-04,37.78824312106539,-122.4084731316863,0,OD003008
6075000016,2025-11-05,37.77879416511218,-122.40898841138154,0,OD003009
6075000016,2025-11-05,37.77707409756271,-122.41100825902254,0,OD003010
6075000012,2025-11-05,37.7793812229217,-122.40318187949832,1,OD003011
6075000045,2025-11-06,37.75811813727737,-122.43351011859318,0,OD003012
6075000009,2025-11-06,37.780827632831546,-122.40963102395682,0,OD003013
6075000023,2025-11-07,37.75473461681534,-122.40600966334495,0,OD003014
6075000023,2025-11-08,37.75494292166208,-122.40728715435108,0,OD003015
6075000006,2025-11-08,37.775229028522865,-122.40741517137683,0,OD003016
6075000002,2025-11-08,37.77422673741699,-122.425180706279,2,OD003017
6075000002,2025-11-08,37.77808722904155,-122.41495297550857,1,OD003018
6075000019,2025-11-08,37.76774760211639,-122.4237073021953,3,OD003019
6075000010,2025-11-09,37.77391296088551,-122.40608660919958,0,OD003020
6075000009,2025-11-09,37.78006152771012,-122.40835601390879,0,OD003021
6075000013,2025-11-09,37.77546675739246,-122.40437217537577,0,OD003022
6075000015,2025-11-12,37.78502993408322,-122.3928916160373,0,OD003023
6075000012,2025-11-13,37.779942774094344,-122.40215286592499,0,OD003024
6075000008,2025-11-13,37.78081111277721,-122.41940111195711,0,OD003025
6075000035,2025-11-14,37.763972819645765,-122.43131520934526,0,OD003026
6075000003,2025-11-15,37.78844648485848,-122.40592211269806,0,OD003027
6075000001,2025-11-15,37.78575242132119,-122.41458089494292,0,OD003028
6075000019,2025-11-15,37.7645320530866,-122.41831618058157,0,OD003029
6075000017,2025-11-15,37.75816040234287,-122.4081390698137,0,OD003030
6075000005,2025-11-16,37.77459040859784,-122.41114311676446,0,OD003031
6075000020,2025-11-17,37.768707948507384,-122.41007726125544,1,OD003032
6075000010,2025-11-18,37.773305541344214,-122.40845164109822,0,OD003033
6075000007,2025-11-18,37.78280731874703,-122.4104283232336,0,OD003034
6075000010,2025-11-18,37.77326903036429,-122.4073353605589,0,OD003035
6075000016,2025-11-18,37.77737462702848,-122.40918209458538,0,OD003036
6075000022,2025-11-18,37.74735638398161,-122.41478495664028,1,OD003037
6075000014,2025-11-20,37.77382178520602,-122.40303798912228,0,OD003038
6075000009,2025-11-20,37.78227707460308,-122.40869951251221,0,OD003039
6075000014,2025-11-21,37.77722541508784,-122.40249709919183,0,OD003040
6075000034,2025-11-21,37.80410675026559,-122.4412316434834,0,OD003041
6075000018,2025-11-21,37.753193686812324,-122.41273210211092,0,OD003042
6075000023,2025-11-21,37.75298878147837,-122.39895267704028,2,OD003043
6075000013,2025-11-23,37.77456991765487,-122.40261963194484,0,OD003044
6075000018,2025-11-25,37.75474544135336,-122.40972131335181,0,OD003045
6075000033,2025-11-25,37.798998488666804,-122.40075641622462,0,OD003046
6075000035,2025-11-25,37.76253923962385,-122.43153896252859,0,OD003047
6075000030,2025-11-25,37.73333310342666,-122.3927838945262,0,OD003048
6075000022,2025-11-25,37.752873124149815,-122.41391142675634,0,OD003049
6075000011,2025-11-25,37.78110461995589,-122.40350119743181,0,OD003050
6075000042,2025-11-25,37.79194194987155,-122.40636418292907,1,OD003051
6075000043,2025-11-26,37.78153081794102,-122.39105528078841,1,OD003052
6075000004,2025-11-27,37.790068425360346,-122.4102369780408,0,OD003053
6075000010,2025-11-27,37.774039035418795,-122.41025596538678,0,OD003054
6075000032,2025-11-27,37.723755464895234,-122.37497541827302,1,OD003055
6075000001,2025-11-27,37.785994731668154,-122.41885626998996,1,OD003056
6075000033,2025-11-27,37.79789914047562,-122.40644304005453,2,OD003057
6075000038,2025-11-27,37.769802613775965,-122.38801436630455,2,OD003058
6075000040,2025-11-28,37.73644801156193,-122.4202614505753,0,OD003059
6075000011,2025-11-28,37.78412917862471,-122.4038602687457,0,OD003060
6075000005,2025-11-28,37.77057017051664,-122.41574605432103,0,OD003061
6075000033,2025-11-28,37.79875462737558,-122.41302301412799,2,OD003062
6075000001,2025-11-29,37.783381646201065,-122.41477418067664,0,OD003063
6075000003,2025-11-29,37.78814928349012,-122.40665192683927,1,OD003064
6075000044,2025-11-29,37.79626057290406,-122.41455902763148,3,OD003065
6075000010,2025-11-30,37.77366308555324,-122.4087617352216,0,OD003066
6075000003,2025-11-30,37.78819626310206,-122.4078491799645,0,OD003067
6075000042,2025-11-30,37.7940611387927,-122.39824360782156,2,OD003068
6075000012,2025-12-01,37.77900593332691,-122.4038599079211,0,OD003069
6075000008,2025-12-01,37.78130417901793,-122.41723559191429,0,OD003070
6075000008,2025-12-01,37.78184714271444,-122.41962471536121,0,OD003071
6075000016,2025-12-01,37.77857899515751,-122.41196747983557,3,OD003072
6075000033,2025-12-01,37.79630424953254,-122.40724910785359,1,OD003073
6075000006,2025-12-02,37.777048442982526,-122.40730534663221,0,OD003074
6075000004,2025-12-02,37.790814466401955,-122.40849843504066,0,OD003075
6075000001,2025-12-02,37.78332830509271,-122.41493495222998,0,OD003076
6075000003,2025-12-03,37.78742328091736,-122.40702379021108,0,OD003077
6075000004,2025-12-03,37.78885775062772,-122.4081196558515,0,OD003078
6075000012,2025-12-03,37.77881012748252,-122.40156262966657,0,OD003079
6075000016,2025-12-03,37.77607898644935,-122.4072203235773,0,OD003080
6075000043,2025-12-03,37.77613221946973,-122.3964604420173,1,OD003081
6075000011,2025-12-03,37.781799183718704,-122.4031082704927,1,OD003082
6075000038,2025-12-03,37.769100121821175,-122.39960039025543,2,OD003083
6075000007,2025-12-04,37.78246984224934,-122.41317533882565,4,OD003084
6075000002,2025-12-05,37.77723917960964,-122.41711231935386,0,OD003085
6075000005,2025-12-05,37.770735921176154,-122.41124939195188,0,OD003086
6075000006,2025-12-05,37.77678656799009,-122.40700889735936,0,OD003087
6075000016,2025-12-05,37.7751474231996,-122.40888788465236,0,OD003088
6075000005,2025-12-06,37.77020465421133,-122.41020315807873,1,OD003089
6075000046,2025-12-06,37.788724927889554,-122.43021823715426,1,OD003090
6075000021,2025-12-07,37.758460460021155,-122.416993335648,0,OD003091
6075000025,2025-12-07,37.740730732780264,-122.3925774141376,0,OD003092
6075000015,2025-12-07,37.78878111494739,-122.39687085958697,3,OD003093
6075000021,2025-12-07,37.75707719415642,-122.41443562989578,1,OD003094
6075000020,2025-12-07,37.766714515669726,-122.40886876874357,1,OD003095
6075000003,2025-12-08,37.78701072365352,-122.40973417246587,2,OD003096
6075000004,2025-12-09,37.78891734057375,-122.41240534315426,0,OD003097
6075000004,2025-12-09,37.789250009188095,-122.40968752243771,0,OD003098
6075000039,2025-12-09,37.73043283840689,-122.43733660793734,0,OD003099
6075000019,2025-12-09,37.76611336738855,-122.41828539873964,0,OD003100
6075000044,2025-12-09,37.79445737426966,-122.4211038449673,1,OD003101
6075000030,2025-12-09,37.73580034096469,-122.39195106950903,1,OD003102
6075000001,2025-12-09,37.78226485290396,-122.41411205573856,4,OD003103
6075000044,2025-12-10,37.797836613693455,-122.42494708294468,0,OD003104
6075000048,2025-12-10,37.760791475020184,-122.47101187356171,0,OD003105
6075000008,2025-12-10,37.78118559893972,-122.41940475701651,0,OD003106
6075000045,2025-12-10,37.76069820129848,-122.43444604981106,0,OD003107
6075000045,2025-12-10,37.76215621639136,-122.43711976717887,1,OD003108
6075000029,2025-12-10,37.72900110170266,-122.40375692812316,2,OD003109
6075000037,2025-12-11,37.80482145511727,-122.4616290897468,0,OD003110
6075000038,2025-12-11,37.76096720154487,-122.40163629651404,2,OD003111
6075000044,2025-12-11,37.79592987602729,-122.43407345088805,2,OD003112
6075000044,2025-12-11,37.79337744177561,-122.41990612145688,1,OD003113
6075000045,2025-12-12,37.760775791463594,-122.4353222822543,0,OD003114
6075000009,2025-12-12,37.780581609357995,-122.40887210275385,0,OD003115
6075000032,2025-12-12,37.73434165048216,-122.38494327637251,2,OD003116
6075000007,2025-12-12,37.78442560813959,-122.4125112670645,1,OD003117
6075000009,2025-12-13,37.78096523319037,-122.40985566527782,0,OD003118
6075000027,2025-12-13,37.736018293868284,-122.39387687037734,0,OD003119
6075000006,2025-12-13,37.77682449510209,-122.40782135397966,0,OD003120
6075000038,2025-12-13,37.76648074603207,-122.40322573019755,1,OD003121
6075000024,2025-12-14,37.76165139291734,-122.41128751364444,0,OD003122
6075000012,2025-12-14,37.7790341982466,-122.4045260848029,5,OD003123
6075000038,2025-12-14,37.7660088597402,-122.40040954029988,1,OD003124
6075000025,2025-12-14,37.75196897536632,-122.39192329264729,2,OD003125
6075000028,2025-12-14,37.73794036912712,-122.38418289790285,3,OD003126
6075000007,2025-12-15,37.78365769778245,-122.41024944172129,0,OD003127
6075000029,2025-12-15,37.73184773061422,-122.40177610691147,1,OD003128
6075000003,2025-12-15,37.786595792058264,-122.40952258731316,1,OD003129
6075000043,2025-12-15,37.77747604844922,-122.39581810635268,6,OD003130
6075000001,2025-12-15,37.79016761975809,-122.42051519169746,2,OD003131
6075000043,2025-12-15,37.78096639892183,-122.38965248848771,7,OD003132
6075000005,2025-12-16,37.77250735087058,-122.41347230139846,0,OD003133
6075000006,2025-12-16,37.77491157319915,-122.40864291266679,0,OD003134
6075000002,2025-12-16,37.773283075526294,-122.42061143466786,2,OD003135
6075000046,2025-12-16,37.786277623688015,-122.4374805898316,2,OD003136
6075000005,2025-12-16,37.771050210099396,-122.4130785923903,2,OD003137
6075000012,2025-12-17,37.78051560280535,-122.40449509499494,2,OD003138
6075000006,2025-12-17,37.77615602937385,-122.40820921862667,1,OD003139
6075000016,2025-12-18,37.78047367297012,-122.4091267112002,0,OD003140
6075000009,2025-12-18,37.781380202274406,-122.40917564239649,2,OD003141
6075000022,2025-12-18,37.752830677704466,-122.4159613950939,1,OD003142
6075000013,2025-12-18,37.77725436859211,-122.40273463905821,3,OD003143
6075000044,2025-12-19,37.80264994209114,-122.41768609113394,3,OD003144
6075000017,2025-12-19,37.760061174716014,-122.41012920249895,1,OD003145
6075000029,2025-12-20,37.72911858898124,-122.3987223644391,0,OD003146
6075000007,2025-12-20,37.785682801396284,-122.4092825980788,0,OD003147
6075000023,2025-12-20,37.754586175776865,-122.40835268399996,0,OD003148
6075000002,2025-12-20,37.77541713598706,-122.41544707275149,1,OD003149
6075000008,2025-12-20,37.77982641495244,-122.41762541854548,2,OD003150
6075000011,2025-12-21,37.782766406406004,-122.40183379440309,0,OD003151
6075000044,2025-12-22,37.79849231841773,-122.42122053287389,0,OD003152
6075000009,2025-12-22,37.780368045184005,-122.40842933440678,0,OD003153
6075000013,2025-12-22,37.777980014381086,-122.40282284845414,0,OD003154
6075000013,2025-12-23,37.77754317200289,-122.40136064100162,0,OD003155
6075000004,2025-12-24,37.78790942583865,-122.40852082751324,0,OD003156
6075000003,2025-12-24,37.78654608950725,-122.40872094771169,0,OD003157
6075000046,2025-12-24,37.78737256147139,-122.43858051419153,3,OD003158
6075000003,2025-12-25,37.78904923459622,-122.41077667891281,0,OD003159
6075000004,2025-12-25,37.78706927037839,-122.41049616777103,0,OD003160
6075000034,2025-12-25,37.78923546307869,-122.43897983473052,4,OD003161
6075000003,2025-12-25,37.78764177270743,-122.40870804504209,1,OD003162
6075000024,2025-12-26,37.76350453919137,-122.41298767692513,0,OD003163
6075000014,2025-12-26,37.77471771386948,-122.40282587598377,0,OD003164
6075000004,2025-12-26,37.79035888232451,-122.40797853754644,0,OD003165
6075000016,2025-12-26,37.777625287412704,-122.40973014305676,0,OD003166
6075000002,2025-12-27,37.77697936986804,-122.41947537054881,0,OD003167
6075000005,2025-12-27,37.77056821424164,-122.41358146531218,0,OD003168
6075000015,2025-12-27,37.785268051187195,-122.39369957131193,1,OD003169
6075000002,2025-12-27,37.77120185011652,-122.42474572044398,1,OD003170
6075000005,2025-12-27,37.7707196054764,-122.41085933794686,1,OD003171
6075000005,2025-12-27,37.76971142564218,-122.41478227437275,2,OD003172
6075000012,2025-12-28,37.77687008054242,-122.40340103890686,0,OD003173
6075000019,2025-12-28,37.763400163517865,-122.41727751157676,0,OD003174
6075000043,2025-12-28,37.77739364408297,-122.39739545840595,2,OD003175
6075000012,2025-12-28,37.78015541626401,-122.4041008838757,1,OD003176
6075000012,2025-12-29,37.77965544131569,-122.40496800519155,0,OD003177
6075000042,2025-12-29,37.7936324663161,-122.40027184687828,2,OD003178
6075000035,2025-12-29,37.76169123147318,-122.42562272291728,1,OD003179
6075000011,2025-12-29,37.78577380291287,-122.40037012196748,3,OD003180
6075000046,2025-12-29,37.77968857799802,-122.44014075470668,4,OD003181
6075000011,2025-12-30,37.783671300277256,-122.40214661692201,0,OD003182
6075000012,2025-12-30,37.77837489975647,-122.40505148223204,0,OD003183
6075000022,2025-12-30,37.751765107378446,-122.41379483465367,2,OD003184
6075000002,2025-12-30,37.77796226791145,-122.41773225645399,2,OD003185
6075000043,2025-12-30,37.770102090946644,-122.37971072177001,1,OD003186
6075000005,2025-12-30,37.77146141268532,-122.41204275200968,1,OD003187
6075000046,2025-12-30,37.78260867396278,-122.42516653782717,1,OD003188
6075000005,2025-12-30,37.77044241730225,-122.4218495472612,1,OD003189
6075000016,2025-12-30,37.77736935468128,-122.41151058406588,1,OD003190
6075000046,2025-12-30,37.775845264051654,-122.43318523776951,5,OD003191
6075000003,2025-12-30,37.7867375498057,-122.4068362182125,1,OD003192
